Age Group Place,Chip Time
1 Top Fin,1:05:05 AM
2 Top Fin,1:05:17 AM
3 Top Fin,1:05:21 AM
4 Top Fin,1:07:36 AM
5 Top Fin,1:08:30 AM
1 M 20-24,1:08:52 AM
1 M 30-34,1:09:02 AM
2 M 20-24,1:13:18 AM
,1:14:28 AM
3 M 20-24,1:14:37 AM
1 Top Fin,1:15:27 AM
2 M 30-34,1:16:10 AM
2 Top Fin,1:16:10 AM
1 Top Fin,1:16:34 AM
3 Top Fin,1:17:00 AM
1 M 25-29,1:17:05 AM
4 Top Fin,1:17:59 AM
1 M 35-39,1:18:43 AM
3 M 30-34,1:19:43 AM
2 M 25-29,1:19:59 AM
5 Top Fin,1:20:02 AM
2 Top Fin,1:20:10 AM
1 F 30-34,1:20:42 AM
2 M 35-39,1:20:54 AM
4 M 30-34,1:21:01 AM
3 M 25-29,1:21:24 AM
5 M 30-34,1:22:22 AM
6 M 30-34,1:22:43 AM
1 F 25-29,1:22:51 AM
2 F 25-29,1:22:59 AM
7 M 30-34,1:23:15 AM
3 F 25-29,1:23:17 AM
4 M 20-24,1:23:22 AM
5 M 20-24,1:23:22 AM
8 M 30-34,1:23:36 AM
3 M 35-39,1:23:45 AM
3 Top Fin,1:24:05 AM
2 F 30-34,1:24:31 AM
9 M 30-34,1:24:35 AM
4 M 25-29,1:24:38 AM
1 F 20-24,1:25:01 AM
4 M 35-39,1:25:03 AM
1 Top Fin,1:25:06 AM
4 Top Fin,1:25:09 AM
2 F 20-24,1:25:28 AM
10 M 30-34,1:25:45 AM
11 M 30-34,1:25:59 AM
5 M 25-29,1:26:12 AM
6 M 20-24,1:26:23 AM
1 M 40-44,1:26:24 AM
5 M 35-39,1:26:29 AM
1 M 55-59,1:26:30 AM
6 M 35-39,1:26:31 AM
4 F 25-29,1:26:34 AM
6 M 25-29,1:27:02 AM
7 M 35-39,1:27:02 AM
7 M 20-24,1:27:03 AM
12 M 30-34,1:27:03 AM
8 M 35-39,1:27:06 AM
7 M 25-29,1:27:08 AM
1 F 35-39,1:27:09 AM
1 M 45-49,1:27:20 AM
9 M 35-39,1:27:25 AM
10 M 35-39,1:27:27 AM
13 M 30-34,1:27:29 AM
8 M 25-29,1:27:52 AM
2 Top Fin,1:27:53 AM
2 M 40-44,1:28:03 AM
3 F 20-24,1:28:05 AM
8 M 20-24,1:28:06 AM
5 F 25-29,1:28:07 AM
9 M 20-24,1:28:10 AM
11 M 35-39,1:28:12 AM
1 M 50-54,1:28:16 AM
2 M 45-49,1:28:18 AM
10 M 20-24,1:28:18 AM
14 M 30-34,1:28:24 AM
11 M 20-24,1:28:24 AM
9 M 25-29,1:28:27 AM
3 M 40-44,1:28:28 AM
12 M 20-24,1:28:29 AM
12 M 35-39,1:28:30 AM
13 M 35-39,1:28:30 AM
14 M 35-39,1:28:32 AM
15 M 35-39,1:28:34 AM
2 M 50-54,1:28:35 AM
4 M 40-44,1:28:52 AM
5 M 40-44,1:28:54 AM
15 M 30-34,1:28:55 AM
6 F 25-29,1:28:56 AM
6 M 40-44,1:28:57 AM
7 M 40-44,1:29:02 AM
16 M 30-34,1:29:05 AM
17 M 30-34,1:29:05 AM
8 M 40-44,1:29:06 AM
9 M 40-44,1:29:06 AM
18 M 30-34,1:29:11 AM
16 M 35-39,1:29:11 AM
17 M 35-39,1:29:16 AM
18 M 35-39,1:29:21 AM
19 M 35-39,1:29:23 AM
2 F 35-39,1:29:24 AM
20 M 35-39,1:29:26 AM
19 M 30-34,1:29:29 AM
21 M 35-39,1:29:31 AM
22 M 35-39,1:29:32 AM
23 M 35-39,1:29:33 AM
10 M 25-29,1:29:33 AM
3 M 50-54,1:29:37 AM
7 F 25-29,1:29:39 AM
20 M 30-34,1:29:40 AM
13 M 20-24,1:29:46 AM
8 F 25-29,1:29:52 AM
21 M 30-34,1:30:00 AM
24 M 35-39,1:30:03 AM
10 M 40-44,1:30:24 AM
25 M 35-39,1:30:25 AM
4 F 20-24,1:30:27 AM
3 M 45-49,1:30:27 AM
11 M 25-29,1:30:28 AM
9 F 25-29,1:30:32 AM
22 M 30-34,1:30:38 AM
26 M 35-39,1:30:42 AM
3 F 30-34,1:30:50 AM
23 M 30-34,1:31:01 AM
11 M 40-44,1:31:13 AM
3 Top Fin,1:31:14 AM
4 M 50-54,1:31:17 AM
24 M 30-34,1:31:23 AM
4 M 45-49,1:31:27 AM
12 M 25-29,1:31:30 AM
5 M 45-49,1:31:37 AM
13 M 25-29,1:31:42 AM
6 M 45-49,1:31:47 AM
7 M 45-49,1:31:54 AM
5 F 20-24,1:31:58 AM
8 M 45-49,1:31:58 AM
25 M 30-34,1:32:02 AM
26 M 30-34,1:32:09 AM
27 M 30-34,1:32:14 AM
9 M 45-49,1:32:16 AM
14 M 25-29,1:32:18 AM
5 M 50-54,1:32:21 AM
6 M 50-54,1:32:22 AM
27 M 35-39,1:32:24 AM
12 M 40-44,1:32:27 AM
13 M 40-44,1:32:36 AM
10 M 45-49,1:32:39 AM
7 M 50-54,1:32:42 AM
14 M 40-44,1:32:46 AM
11 M 45-49,1:32:48 AM
14 M 20-24,1:32:48 AM
28 M 35-39,1:32:48 AM
15 M 40-44,1:32:48 AM
2 M 55-59,1:32:49 AM
4 Top Fin,1:32:57 AM
15 M 25-29,1:33:08 AM
16 M 40-44,1:33:08 AM
4 F 30-34,1:33:08 AM
10 F 25-29,1:33:17 AM
17 M 40-44,1:33:19 AM
28 M 30-34,1:33:23 AM
16 M 25-29,1:33:25 AM
29 M 30-34,1:33:27 AM
29 M 35-39,1:33:33 AM
30 M 30-34,1:33:33 AM
17 M 25-29,1:33:33 AM
30 M 35-39,1:33:33 AM
31 M 30-34,1:33:35 AM
31 M 35-39,1:33:36 AM
32 M 35-39,1:33:42 AM
1 F 15-19,1:33:43 AM
1 M 60-64,1:33:43 AM
33 M 35-39,1:33:48 AM
11 F 25-29,1:33:49 AM
18 M 25-29,1:33:51 AM
34 M 35-39,1:33:51 AM
35 M 35-39,1:33:59 AM
19 M 25-29,1:33:59 AM
12 M 45-49,1:34:00 AM
18 M 40-44,1:34:09 AM
32 M 30-34,1:34:10 AM
15 M 20-24,1:34:11 AM
36 M 35-39,1:34:16 AM
5 F 30-34,1:34:18 AM
33 M 30-34,1:34:23 AM
19 M 40-44,1:34:23 AM
20 M 40-44,1:34:23 AM
21 M 40-44,1:34:24 AM
34 M 30-34,1:34:24 AM
20 M 25-29,1:34:26 AM
8 M 50-54,1:34:27 AM
9 M 50-54,1:34:30 AM
6 F 30-34,1:34:31 AM
3 F 35-39,1:34:34 AM
35 M 30-34,1:34:35 AM
3 M 55-59,1:34:36 AM
1 F 45-49,1:34:40 AM
22 M 40-44,1:34:44 AM
23 M 40-44,1:34:45 AM
12 F 25-29,1:34:50 AM
7 F 30-34,1:34:51 AM
36 M 30-34,1:34:55 AM
8 F 30-34,1:35:02 AM
37 M 35-39,1:35:10 AM
4 F 35-39,1:35:17 AM
37 M 30-34,1:35:17 AM
16 M 20-24,1:35:17 AM
38 M 30-34,1:35:20 AM
2 F 45-49,1:35:22 AM
24 M 40-44,1:35:22 AM
38 M 35-39,1:35:24 AM
25 M 40-44,1:35:28 AM
39 M 35-39,1:35:28 AM
21 M 25-29,1:35:30 AM
5 F 35-39,1:35:35 AM
39 M 30-34,1:35:38 AM
40 M 30-34,1:35:39 AM
40 M 35-39,1:35:44 AM
41 M 30-34,1:35:47 AM
26 M 40-44,1:35:51 AM
17 M 20-24,1:35:51 AM
41 M 35-39,1:35:53 AM
13 F 25-29,1:36:05 AM
27 M 40-44,1:36:09 AM
42 M 35-39,1:36:09 AM
6 F 35-39,1:36:13 AM
18 M 20-24,1:36:14 AM
2 M 60-64,1:36:14 AM
6 F 20-24,1:36:19 AM
13 M 45-49,1:36:21 AM
1 F 50-54,1:36:21 AM
1 F 40-44,1:36:28 AM
42 M 30-34,1:36:30 AM
43 M 30-34,1:36:32 AM
22 M 25-29,1:36:35 AM
4 M 55-59,1:36:42 AM
44 M 30-34,1:36:43 AM
10 M 50-54,1:36:43 AM
11 M 50-54,1:36:43 AM
23 M 25-29,1:36:50 AM
43 M 35-39,1:36:51 AM
14 F 25-29,1:36:55 AM
28 M 40-44,1:36:58 AM
1 M 1-14,1:37:00 AM
44 M 35-39,1:37:01 AM
24 M 25-29,1:37:01 AM
14 M 45-49,1:37:03 AM
45 M 30-34,1:37:03 AM
25 M 25-29,1:37:04 AM
29 M 40-44,1:37:06 AM
7 F 35-39,1:37:06 AM
30 M 40-44,1:37:08 AM
31 M 40-44,1:37:09 AM
45 M 35-39,1:37:12 AM
32 M 40-44,1:37:16 AM
5 M 55-59,1:37:20 AM
33 M 40-44,1:37:20 AM
2 F 15-19,1:37:24 AM
1 M 65-69,1:37:38 AM
46 M 35-39,1:37:39 AM
7 F 20-24,1:37:39 AM
26 M 25-29,1:37:41 AM
46 M 30-34,1:37:42 AM
47 M 35-39,1:37:45 AM
47 M 30-34,1:37:51 AM
9 F 30-34,1:37:55 AM
48 M 30-34,1:38:02 AM
27 M 25-29,1:38:02 AM
49 M 30-34,1:38:05 AM
19 M 20-24,1:38:06 AM
28 M 25-29,1:38:09 AM
50 M 30-34,1:38:10 AM
8 F 35-39,1:38:14 AM
48 M 35-39,1:38:14 AM
10 F 30-34,1:38:16 AM
12 M 50-54,1:38:17 AM
49 M 35-39,1:38:17 AM
11 F 30-34,1:38:20 AM
50 M 35-39,1:38:20 AM
12 F 30-34,1:38:22 AM
20 M 20-24,1:38:23 AM
51 M 30-34,1:38:30 AM
13 M 50-54,1:38:31 AM
21 M 20-24,1:38:32 AM
52 M 30-34,1:38:33 AM
51 M 35-39,1:38:35 AM
53 M 30-34,1:38:35 AM
29 M 25-29,1:38:38 AM
52 M 35-39,1:38:39 AM
53 M 35-39,1:38:42 AM
14 M 50-54,1:38:43 AM
54 M 35-39,1:38:43 AM
55 M 35-39,1:38:50 AM
15 M 45-49,1:38:51 AM
56 M 35-39,1:38:52 AM
15 M 50-54,1:38:53 AM
16 M 50-54,1:38:54 AM
57 M 35-39,1:38:54 AM
34 M 40-44,1:38:55 AM
15 F 25-29,1:38:56 AM
58 M 35-39,1:38:57 AM
35 M 40-44,1:38:57 AM
30 M 25-29,1:38:58 AM
59 M 35-39,1:39:00 AM
60 M 35-39,1:39:01 AM
13 F 30-34,1:39:02 AM
61 M 35-39,1:39:07 AM
22 M 20-24,1:39:08 AM
8 F 20-24,1:39:13 AM
31 M 25-29,1:39:13 AM
14 F 30-34,1:39:17 AM
16 M 45-49,1:39:20 AM
54 M 30-34,1:39:24 AM
62 M 35-39,1:39:25 AM
23 M 20-24,1:39:26 AM
17 M 50-54,1:39:27 AM
9 F 35-39,1:39:28 AM
2 F 40-44,1:39:29 AM
63 M 35-39,1:39:30 AM
17 M 45-49,1:39:31 AM
6 M 55-59,1:39:32 AM
15 F 30-34,1:39:32 AM
24 M 20-24,1:39:37 AM
18 M 50-54,1:39:40 AM
32 M 25-29,1:39:40 AM
64 M 35-39,1:39:40 AM
55 M 30-34,1:39:50 AM
56 M 30-34,1:39:50 AM
16 F 30-34,1:39:50 AM
16 F 25-29,1:39:51 AM
36 M 40-44,1:39:53 AM
65 M 35-39,1:39:55 AM
17 F 25-29,1:39:56 AM
17 F 30-34,1:39:56 AM
66 M 35-39,1:39:56 AM
67 M 35-39,1:39:59 AM
68 M 35-39,1:40:02 AM
57 M 30-34,1:40:09 AM
19 M 50-54,1:40:11 AM
18 M 45-49,1:40:16 AM
18 F 25-29,1:40:16 AM
69 M 35-39,1:40:16 AM
37 M 40-44,1:40:18 AM
33 M 25-29,1:40:18 AM
10 F 35-39,1:40:18 AM
18 F 30-34,1:40:19 AM
34 M 25-29,1:40:20 AM
19 M 45-49,1:40:22 AM
19 F 30-34,1:40:22 AM
38 M 40-44,1:40:24 AM
70 M 35-39,1:40:27 AM
3 M 60-64,1:40:28 AM
25 M 20-24,1:40:31 AM
20 F 30-34,1:40:32 AM
19 F 25-29,1:40:39 AM
21 F 30-34,1:40:40 AM
35 M 25-29,1:40:40 AM
36 M 25-29,1:40:43 AM
4 M 60-64,1:40:43 AM
39 M 40-44,1:40:44 AM
20 M 50-54,1:40:48 AM
37 M 25-29,1:40:49 AM
22 F 30-34,1:40:56 AM
11 F 35-39,1:40:59 AM
20 F 25-29,1:41:00 AM
12 F 35-39,1:41:00 AM
58 M 30-34,1:41:01 AM
40 M 40-44,1:41:05 AM
71 M 35-39,1:41:08 AM
9 F 20-24,1:41:09 AM
59 M 30-34,1:41:10 AM
3 F 15-19,1:41:12 AM
72 M 35-39,1:41:16 AM
60 M 30-34,1:41:17 AM
73 M 35-39,1:41:18 AM
38 M 25-29,1:41:18 AM
61 M 30-34,1:41:21 AM
21 F 25-29,1:41:22 AM
13 F 35-39,1:41:25 AM
4 F 15-19,1:41:26 AM
23 F 30-34,1:41:28 AM
39 M 25-29,1:41:28 AM
14 F 35-39,1:41:31 AM
24 F 30-34,1:41:32 AM
15 F 35-39,1:41:33 AM
74 M 35-39,1:41:36 AM
22 F 25-29,1:41:37 AM
40 M 25-29,1:41:38 AM
23 F 25-29,1:41:39 AM
62 M 30-34,1:41:42 AM
21 M 50-54,1:41:42 AM
41 M 25-29,1:41:43 AM
25 F 30-34,1:41:44 AM
75 M 35-39,1:41:44 AM
76 M 35-39,1:41:44 AM
20 M 45-49,1:41:44 AM
3 F 40-44,1:41:45 AM
26 F 30-34,1:41:49 AM
42 M 25-29,1:41:49 AM
43 M 25-29,1:41:50 AM
21 M 45-49,1:41:52 AM
24 F 25-29,1:41:54 AM
63 M 30-34,1:41:58 AM
2 F 50-54,1:41:59 AM
22 M 45-49,1:42:03 AM
3 F 45-49,1:42:05 AM
16 F 35-39,1:42:12 AM
25 F 25-29,1:42:15 AM
41 M 40-44,1:42:16 AM
64 M 30-34,1:42:17 AM
10 F 20-24,1:42:18 AM
5 F 15-19,1:42:20 AM
17 F 35-39,1:42:21 AM
44 M 25-29,1:42:21 AM
77 M 35-39,1:42:22 AM
1 M 15-19,1:42:22 AM
23 M 45-49,1:42:24 AM
42 M 40-44,1:42:25 AM
22 M 50-54,1:42:25 AM
18 F 35-39,1:42:28 AM
11 F 20-24,1:42:29 AM
7 M 55-59,1:42:29 AM
24 M 45-49,1:42:31 AM
65 M 30-34,1:42:32 AM
26 M 20-24,1:42:35 AM
43 M 40-44,1:42:36 AM
25 M 45-49,1:42:38 AM
78 M 35-39,1:42:39 AM
45 M 25-29,1:42:39 AM
79 M 35-39,1:42:42 AM
27 M 20-24,1:42:43 AM
27 F 30-34,1:42:44 AM
26 F 25-29,1:42:45 AM
80 M 35-39,1:42:48 AM
46 M 25-29,1:42:51 AM
26 M 45-49,1:42:52 AM
66 M 30-34,1:42:55 AM
28 F 30-34,1:42:56 AM
8 M 55-59,1:42:58 AM
12 F 20-24,1:42:59 AM
4 F 40-44,1:42:59 AM
44 M 40-44,1:42:59 AM
28 M 20-24,1:43:02 AM
13 F 20-24,1:43:03 AM
27 M 45-49,1:43:03 AM
29 F 30-34,1:43:04 AM
47 M 25-29,1:43:05 AM
23 M 50-54,1:43:09 AM
9 M 55-59,1:43:09 AM
45 M 40-44,1:43:10 AM
67 M 30-34,1:43:12 AM
29 M 20-24,1:43:12 AM
48 M 25-29,1:43:13 AM
68 M 30-34,1:43:14 AM
30 F 30-34,1:43:15 AM
49 M 25-29,1:43:16 AM
69 M 30-34,1:43:18 AM
31 F 30-34,1:43:18 AM
70 M 30-34,1:43:21 AM
71 M 30-34,1:43:21 AM
50 M 25-29,1:43:21 AM
27 F 25-29,1:43:22 AM
28 F 25-29,1:43:23 AM
24 M 50-54,1:43:23 AM
3 F 50-54,1:43:24 AM
4 F 45-49,1:43:25 AM
46 M 40-44,1:43:25 AM
14 F 20-24,1:43:25 AM
47 M 40-44,1:43:28 AM
72 M 30-34,1:43:29 AM
28 M 45-49,1:43:30 AM
51 M 25-29,1:43:31 AM
52 M 25-29,1:43:32 AM
10 M 55-59,1:43:33 AM
48 M 40-44,1:43:34 AM
6 F 15-19,1:43:37 AM
73 M 30-34,1:43:38 AM
53 M 25-29,1:43:38 AM
19 F 35-39,1:43:39 AM
32 F 30-34,1:43:39 AM
5 M 60-64,1:43:40 AM
15 F 20-24,1:43:41 AM
29 F 25-29,1:43:41 AM
49 M 40-44,1:43:42 AM
74 M 30-34,1:43:44 AM
11 M 55-59,1:43:46 AM
81 M 35-39,1:43:47 AM
5 F 40-44,1:43:48 AM
12 M 55-59,1:43:48 AM
75 M 30-34,1:43:48 AM
30 M 20-24,1:43:49 AM
82 M 35-39,1:43:51 AM
30 F 25-29,1:43:53 AM
50 M 40-44,1:43:55 AM
29 M 45-49,1:43:58 AM
25 M 50-54,1:43:59 AM
31 F 25-29,1:43:59 AM
26 M 50-54,1:43:59 AM
83 M 35-39,1:44:01 AM
31 M 20-24,1:44:03 AM
54 M 25-29,1:44:07 AM
51 M 40-44,1:44:08 AM
33 F 30-34,1:44:09 AM
84 M 35-39,1:44:11 AM
32 M 20-24,1:44:14 AM
76 M 30-34,1:44:16 AM
33 M 20-24,1:44:17 AM
20 F 35-39,1:44:19 AM
34 F 30-34,1:44:19 AM
85 M 35-39,1:44:25 AM
32 F 25-29,1:44:25 AM
1 F 60-64,1:44:28 AM
77 M 30-34,1:44:30 AM
30 M 45-49,1:44:31 AM
78 M 30-34,1:44:32 AM
31 M 45-49,1:44:32 AM
33 F 25-29,1:44:32 AM
52 M 40-44,1:44:34 AM
53 M 40-44,1:44:34 AM
6 F 40-44,1:44:36 AM
86 M 35-39,1:44:37 AM
32 M 45-49,1:44:38 AM
34 M 20-24,1:44:41 AM
54 M 40-44,1:44:43 AM
21 F 35-39,1:44:43 AM
87 M 35-39,1:44:44 AM
27 M 50-54,1:44:46 AM
55 M 25-29,1:44:48 AM
33 M 45-49,1:44:48 AM
34 F 25-29,1:44:49 AM
56 M 25-29,1:44:55 AM
88 M 35-39,1:44:56 AM
16 F 20-24,1:44:58 AM
89 M 35-39,1:44:59 AM
55 M 40-44,1:45:00 AM
79 M 30-34,1:45:01 AM
57 M 25-29,1:45:06 AM
34 M 45-49,1:45:07 AM
35 M 45-49,1:45:08 AM
36 M 45-49,1:45:08 AM
35 F 25-29,1:45:11 AM
80 M 30-34,1:45:12 AM
81 M 30-34,1:45:13 AM
56 M 40-44,1:45:13 AM
5 F 45-49,1:45:13 AM
35 F 30-34,1:45:14 AM
22 F 35-39,1:45:14 AM
90 M 35-39,1:45:17 AM
57 M 40-44,1:45:17 AM
23 F 35-39,1:45:21 AM
17 F 20-24,1:45:21 AM
58 M 40-44,1:45:22 AM
18 F 20-24,1:45:23 AM
82 M 30-34,1:45:24 AM
24 F 35-39,1:45:25 AM
36 F 25-29,1:45:26 AM
7 F 40-44,1:45:28 AM
6 M 60-64,1:45:28 AM
2 M 65-69,1:45:28 AM
91 M 35-39,1:45:30 AM
37 M 45-49,1:45:30 AM
92 M 35-39,1:45:31 AM
37 F 25-29,1:45:31 AM
83 M 30-34,1:45:35 AM
59 M 40-44,1:45:35 AM
93 M 35-39,1:45:36 AM
60 M 40-44,1:45:38 AM
36 F 30-34,1:45:38 AM
38 F 25-29,1:45:40 AM
58 M 25-29,1:45:40 AM
94 M 35-39,1:45:43 AM
38 M 45-49,1:45:44 AM
39 M 45-49,1:45:48 AM
95 M 35-39,1:45:48 AM
96 M 35-39,1:45:48 AM
19 F 20-24,1:45:50 AM
4 F 50-54,1:45:51 AM
61 M 40-44,1:45:55 AM
25 F 35-39,1:45:55 AM
40 M 45-49,1:45:56 AM
39 F 25-29,1:45:57 AM
26 F 35-39,1:45:59 AM
5 F 50-54,1:46:00 AM
27 F 35-39,1:46:03 AM
40 F 25-29,1:46:06 AM
35 M 20-24,1:46:06 AM
59 M 25-29,1:46:09 AM
60 M 25-29,1:46:11 AM
28 M 50-54,1:46:12 AM
84 M 30-34,1:46:12 AM
28 F 35-39,1:46:14 AM
62 M 40-44,1:46:15 AM
85 M 30-34,1:46:15 AM
61 M 25-29,1:46:16 AM
37 F 30-34,1:46:18 AM
41 F 25-29,1:46:19 AM
97 M 35-39,1:46:20 AM
20 F 20-24,1:46:20 AM
98 M 35-39,1:46:23 AM
38 F 30-34,1:46:27 AM
21 F 20-24,1:46:27 AM
39 F 30-34,1:46:28 AM
62 M 25-29,1:46:29 AM
99 M 35-39,1:46:30 AM
8 F 40-44,1:46:31 AM
29 F 35-39,1:46:33 AM
100 M 35-39,1:46:34 AM
22 F 20-24,1:46:34 AM
6 F 50-54,1:46:34 AM
41 M 45-49,1:46:41 AM
63 M 40-44,1:46:42 AM
6 F 45-49,1:46:42 AM
40 F 30-34,1:46:43 AM
42 M 45-49,1:46:51 AM
29 M 50-54,1:46:53 AM
101 M 35-39,1:46:54 AM
30 F 35-39,1:46:55 AM
13 M 55-59,1:46:55 AM
7 F 50-54,1:46:55 AM
102 M 35-39,1:46:57 AM
103 M 35-39,1:46:59 AM
64 M 40-44,1:46:59 AM
65 M 40-44,1:46:59 AM
41 F 30-34,1:46:59 AM
36 M 20-24,1:47:01 AM
8 F 50-54,1:47:01 AM
42 F 30-34,1:47:01 AM
14 M 55-59,1:47:01 AM
43 M 45-49,1:47:03 AM
44 M 45-49,1:47:05 AM
43 F 30-34,1:47:06 AM
66 M 40-44,1:47:06 AM
86 M 30-34,1:47:06 AM
31 F 35-39,1:47:07 AM
104 M 35-39,1:47:11 AM
32 F 35-39,1:47:11 AM
15 M 55-59,1:47:12 AM
33 F 35-39,1:47:13 AM
1 F 55-59,1:47:13 AM
105 M 35-39,1:47:14 AM
34 F 35-39,1:47:15 AM
23 F 20-24,1:47:16 AM
9 F 40-44,1:47:16 AM
2 F 55-59,1:47:16 AM
63 M 25-29,1:47:16 AM
35 F 35-39,1:47:17 AM
42 F 25-29,1:47:17 AM
16 M 55-59,1:47:17 AM
43 F 25-29,1:47:18 AM
67 M 40-44,1:47:18 AM
44 F 25-29,1:47:18 AM
45 M 45-49,1:47:22 AM
36 F 35-39,1:47:23 AM
37 M 20-24,1:47:24 AM
38 M 20-24,1:47:24 AM
7 F 15-19,1:47:26 AM
9 F 50-54,1:47:27 AM
24 F 20-24,1:47:28 AM
2 F 60-64,1:47:32 AM
37 F 35-39,1:47:32 AM
87 M 30-34,1:47:33 AM
45 F 25-29,1:47:34 AM
7 F 45-49,1:47:34 AM
8 F 15-19,1:47:34 AM
88 M 30-34,1:47:36 AM
64 M 25-29,1:47:37 AM
89 M 30-34,1:47:40 AM
90 M 30-34,1:47:40 AM
65 M 25-29,1:47:41 AM
68 M 40-44,1:47:41 AM
38 F 35-39,1:47:42 AM
46 F 25-29,1:47:42 AM
69 M 40-44,1:47:42 AM
30 M 50-54,1:47:42 AM
66 M 25-29,1:47:43 AM
67 M 25-29,1:47:43 AM
91 M 30-34,1:47:44 AM
70 M 40-44,1:47:44 AM
68 M 25-29,1:47:44 AM
10 F 50-54,1:47:45 AM
8 F 45-49,1:47:45 AM
92 M 30-34,1:47:45 AM
106 M 35-39,1:47:47 AM
93 M 30-34,1:47:49 AM
39 F 35-39,1:47:50 AM
40 F 35-39,1:47:50 AM
47 F 25-29,1:47:51 AM
9 F 45-49,1:47:52 AM
11 F 50-54,1:47:52 AM
107 M 35-39,1:47:53 AM
108 M 35-39,1:47:56 AM
109 M 35-39,1:47:57 AM
46 M 45-49,1:47:57 AM
69 M 25-29,1:47:59 AM
70 M 25-29,1:47:59 AM
31 M 50-54,1:47:59 AM
44 F 30-34,1:47:59 AM
71 M 40-44,1:47:59 AM
41 F 35-39,1:48:00 AM
10 F 40-44,1:48:00 AM
45 F 30-34,1:48:01 AM
11 F 40-44,1:48:05 AM
48 F 25-29,1:48:06 AM
71 M 25-29,1:48:07 AM
94 M 30-34,1:48:08 AM
110 M 35-39,1:48:09 AM
111 M 35-39,1:48:09 AM
72 M 40-44,1:48:10 AM
42 F 35-39,1:48:13 AM
9 F 15-19,1:48:13 AM
46 F 30-34,1:48:13 AM
95 M 30-34,1:48:16 AM
32 M 50-54,1:48:16 AM
96 M 30-34,1:48:19 AM
12 F 40-44,1:48:19 AM
112 M 35-39,1:48:19 AM
97 M 30-34,1:48:23 AM
12 F 50-54,1:48:23 AM
49 F 25-29,1:48:23 AM
10 F 15-19,1:48:24 AM
113 M 35-39,1:48:25 AM
98 M 30-34,1:48:25 AM
99 M 30-34,1:48:28 AM
47 F 30-34,1:48:30 AM
13 F 40-44,1:48:31 AM
48 F 30-34,1:48:31 AM
13 F 50-54,1:48:32 AM
43 F 35-39,1:48:33 AM
17 M 55-59,1:48:36 AM
33 M 50-54,1:48:36 AM
73 M 40-44,1:48:36 AM
44 F 35-39,1:48:36 AM
114 M 35-39,1:48:36 AM
50 F 25-29,1:48:38 AM
100 M 30-34,1:48:38 AM
115 M 35-39,1:48:42 AM
49 F 30-34,1:48:42 AM
116 M 35-39,1:48:43 AM
74 M 40-44,1:48:43 AM
45 F 35-39,1:48:44 AM
51 F 25-29,1:48:47 AM
52 F 25-29,1:48:48 AM
34 M 50-54,1:48:50 AM
101 M 30-34,1:48:51 AM
117 M 35-39,1:48:51 AM
118 M 35-39,1:48:51 AM
119 M 35-39,1:48:51 AM
10 F 45-49,1:48:52 AM
14 F 40-44,1:48:52 AM
15 F 40-44,1:48:53 AM
50 F 30-34,1:48:59 AM
25 F 20-24,1:48:59 AM
46 F 35-39,1:49:00 AM
102 M 30-34,1:49:00 AM
103 M 30-34,1:49:01 AM
72 M 25-29,1:49:01 AM
104 M 30-34,1:49:02 AM
35 M 50-54,1:49:02 AM
105 M 30-34,1:49:03 AM
106 M 30-34,1:49:04 AM
26 F 20-24,1:49:07 AM
107 M 30-34,1:49:08 AM
73 M 25-29,1:49:09 AM
39 M 20-24,1:49:11 AM
51 F 30-34,1:49:12 AM
16 F 40-44,1:49:12 AM
52 F 30-34,1:49:13 AM
47 M 45-49,1:49:13 AM
53 F 30-34,1:49:13 AM
47 F 35-39,1:49:14 AM
27 F 20-24,1:49:14 AM
108 M 30-34,1:49:14 AM
54 F 30-34,1:49:14 AM
40 M 20-24,1:49:17 AM
74 M 25-29,1:49:17 AM
7 M 60-64,1:49:18 AM
109 M 30-34,1:49:20 AM
48 M 45-49,1:49:22 AM
8 M 60-64,1:49:23 AM
53 F 25-29,1:49:25 AM
9 M 60-64,1:49:26 AM
36 M 50-54,1:49:29 AM
28 F 20-24,1:49:29 AM
29 F 20-24,1:49:31 AM
,1:49:32 AM
110 M 30-34,1:49:33 AM
111 M 30-34,1:49:34 AM
55 F 30-34,1:49:34 AM
41 M 20-24,1:49:35 AM
42 M 20-24,1:49:35 AM
112 M 30-34,1:49:37 AM
17 F 40-44,1:49:37 AM
43 M 20-24,1:49:38 AM
18 F 40-44,1:49:39 AM
30 F 20-24,1:49:40 AM
56 F 30-34,1:49:40 AM
49 M 45-49,1:49:41 AM
75 M 40-44,1:49:41 AM
75 M 25-29,1:49:41 AM
57 F 30-34,1:49:41 AM
18 M 55-59,1:49:44 AM
54 F 25-29,1:49:44 AM
19 F 40-44,1:49:48 AM
20 F 40-44,1:49:49 AM
11 F 15-19,1:49:49 AM
3 F 55-59,1:49:53 AM
48 F 35-39,1:49:53 AM
120 M 35-39,1:49:54 AM
121 M 35-39,1:49:56 AM
55 F 25-29,1:49:57 AM
56 F 25-29,1:49:57 AM
76 M 25-29,1:49:58 AM
57 F 25-29,1:49:59 AM
50 M 45-49,1:50:00 AM
51 M 45-49,1:50:04 AM
19 M 55-59,1:50:06 AM
21 F 40-44,1:50:08 AM
58 F 25-29,1:50:08 AM
76 M 40-44,1:50:13 AM
11 F 45-49,1:50:16 AM
44 M 20-24,1:50:16 AM
52 M 45-49,1:50:16 AM
49 F 35-39,1:50:17 AM
37 M 50-54,1:50:17 AM
45 M 20-24,1:50:18 AM
113 M 30-34,1:50:19 AM
77 M 25-29,1:50:21 AM
22 F 40-44,1:50:21 AM
59 F 25-29,1:50:21 AM
10 M 60-64,1:50:21 AM
114 M 30-34,1:50:23 AM
14 F 50-54,1:50:24 AM
115 M 30-34,1:50:24 AM
122 M 35-39,1:50:26 AM
11 M 60-64,1:50:27 AM
123 M 35-39,1:50:28 AM
116 M 30-34,1:50:28 AM
50 F 35-39,1:50:29 AM
31 F 20-24,1:50:30 AM
117 M 30-34,1:50:30 AM
46 M 20-24,1:50:30 AM
58 F 30-34,1:50:34 AM
38 M 50-54,1:50:36 AM
77 M 40-44,1:50:37 AM
39 M 50-54,1:50:38 AM
15 F 50-54,1:50:40 AM
124 M 35-39,1:50:41 AM
60 F 25-29,1:50:42 AM
32 F 20-24,1:50:43 AM
2 M 15-19,1:50:46 AM
59 F 30-34,1:50:46 AM
23 F 40-44,1:50:46 AM
60 F 30-34,1:50:47 AM
40 M 50-54,1:50:48 AM
61 F 25-29,1:50:48 AM
51 F 35-39,1:50:49 AM
78 M 25-29,1:50:49 AM
62 F 25-29,1:50:49 AM
61 F 30-34,1:50:50 AM
16 F 50-54,1:50:50 AM
118 M 30-34,1:50:51 AM
79 M 25-29,1:50:52 AM
125 M 35-39,1:50:52 AM
52 F 35-39,1:50:52 AM
78 M 40-44,1:50:54 AM
12 F 15-19,1:50:54 AM
33 F 20-24,1:50:56 AM
62 F 30-34,1:50:57 AM
34 F 20-24,1:50:57 AM
53 F 35-39,1:50:59 AM
126 M 35-39,1:51:00 AM
119 M 30-34,1:51:01 AM
13 F 15-19,1:51:05 AM
35 F 20-24,1:51:05 AM
53 M 45-49,1:51:06 AM
63 F 25-29,1:51:09 AM
63 F 30-34,1:51:10 AM
54 F 35-39,1:51:10 AM
127 M 35-39,1:51:10 AM
120 M 30-34,1:51:10 AM
80 M 25-29,1:51:11 AM
64 F 25-29,1:51:13 AM
41 M 50-54,1:51:14 AM
55 F 35-39,1:51:15 AM
128 M 35-39,1:51:16 AM
81 M 25-29,1:51:18 AM
65 F 25-29,1:51:19 AM
66 F 25-29,1:51:19 AM
79 M 40-44,1:51:19 AM
56 F 35-39,1:51:21 AM
129 M 35-39,1:51:21 AM
82 M 25-29,1:51:22 AM
67 F 25-29,1:51:23 AM
80 M 40-44,1:51:24 AM
68 F 25-29,1:51:25 AM
57 F 35-39,1:51:25 AM
58 F 35-39,1:51:26 AM
59 F 35-39,1:51:27 AM
121 M 30-34,1:51:28 AM
64 F 30-34,1:51:29 AM
130 M 35-39,1:51:31 AM
131 M 35-39,1:51:32 AM
81 M 40-44,1:51:32 AM
54 M 45-49,1:51:33 AM
82 M 40-44,1:51:36 AM
60 F 35-39,1:51:36 AM
61 F 35-39,1:51:37 AM
122 M 30-34,1:51:37 AM
24 F 40-44,1:51:38 AM
83 M 25-29,1:51:40 AM
17 F 50-54,1:51:40 AM
123 M 30-34,1:51:40 AM
12 F 45-49,1:51:41 AM
84 M 25-29,1:51:42 AM
69 F 25-29,1:51:44 AM
70 F 25-29,1:51:46 AM
1 F 1-14,1:51:47 AM
71 F 25-29,1:51:47 AM
62 F 35-39,1:51:49 AM
72 F 25-29,1:51:50 AM
20 M 55-59,1:51:52 AM
63 F 35-39,1:51:53 AM
124 M 30-34,1:51:53 AM
4 F 55-59,1:51:54 AM
132 M 35-39,1:51:54 AM
64 F 35-39,1:51:57 AM
65 F 35-39,1:51:58 AM
42 M 50-54,1:51:58 AM
36 F 20-24,1:51:59 AM
66 F 35-39,1:52:00 AM
85 M 25-29,1:52:00 AM
67 F 35-39,1:52:00 AM
37 F 20-24,1:52:01 AM
65 F 30-34,1:52:01 AM
133 M 35-39,1:52:05 AM
38 F 20-24,1:52:05 AM
73 F 25-29,1:52:05 AM
39 F 20-24,1:52:05 AM
125 M 30-34,1:52:07 AM
21 M 55-59,1:52:07 AM
74 F 25-29,1:52:08 AM
66 F 30-34,1:52:08 AM
68 F 35-39,1:52:09 AM
43 M 50-54,1:52:09 AM
126 M 30-34,1:52:10 AM
67 F 30-34,1:52:11 AM
68 F 30-34,1:52:12 AM
127 M 30-34,1:52:14 AM
55 M 45-49,1:52:15 AM
22 M 55-59,1:52:20 AM
75 F 25-29,1:52:21 AM
134 M 35-39,1:52:22 AM
128 M 30-34,1:52:23 AM
69 F 35-39,1:52:23 AM
40 F 20-24,1:52:23 AM
83 M 40-44,1:52:25 AM
69 F 30-34,1:52:25 AM
70 F 30-34,1:52:25 AM
135 M 35-39,1:52:26 AM
56 M 45-49,1:52:27 AM
86 M 25-29,1:52:28 AM
71 F 30-34,1:52:28 AM
72 F 30-34,1:52:32 AM
25 F 40-44,1:52:34 AM
26 F 40-44,1:52:37 AM
136 M 35-39,1:52:38 AM
70 F 35-39,1:52:38 AM
137 M 35-39,1:52:39 AM
13 F 45-49,1:52:39 AM
71 F 35-39,1:52:40 AM
73 F 30-34,1:52:44 AM
27 F 40-44,1:52:45 AM
14 F 45-49,1:52:45 AM
76 F 25-29,1:52:46 AM
87 M 25-29,1:52:47 AM
14 F 15-19,1:52:48 AM
41 F 20-24,1:52:48 AM
77 F 25-29,1:52:48 AM
12 M 60-64,1:52:50 AM
129 M 30-34,1:52:51 AM
23 M 55-59,1:52:52 AM
138 M 35-39,1:52:52 AM
130 M 30-34,1:52:52 AM
72 F 35-39,1:52:53 AM
44 M 50-54,1:52:55 AM
18 F 50-54,1:53:04 AM
42 F 20-24,1:53:05 AM
78 F 25-29,1:53:05 AM
43 F 20-24,1:53:05 AM
131 M 30-34,1:53:06 AM
79 F 25-29,1:53:06 AM
88 M 25-29,1:53:06 AM
84 M 40-44,1:53:07 AM
73 F 35-39,1:53:09 AM
47 M 20-24,1:53:10 AM
89 M 25-29,1:53:11 AM
90 M 25-29,1:53:11 AM
74 F 35-39,1:53:11 AM
74 F 30-34,1:53:12 AM
24 M 55-59,1:53:12 AM
28 F 40-44,1:53:13 AM
57 M 45-49,1:53:13 AM
139 M 35-39,1:53:14 AM
75 F 30-34,1:53:15 AM
85 M 40-44,1:53:15 AM
58 M 45-49,1:53:15 AM
29 F 40-44,1:53:16 AM
59 M 45-49,1:53:18 AM
15 F 15-19,1:53:19 AM
132 M 30-34,1:53:19 AM
60 M 45-49,1:53:21 AM
133 M 30-34,1:53:21 AM
76 F 30-34,1:53:22 AM
77 F 30-34,1:53:22 AM
86 M 40-44,1:53:23 AM
44 F 20-24,1:53:24 AM
78 F 30-34,1:53:24 AM
91 M 25-29,1:53:25 AM
15 F 45-49,1:53:25 AM
25 M 55-59,1:53:25 AM
30 F 40-44,1:53:26 AM
140 M 35-39,1:53:26 AM
16 F 45-49,1:53:26 AM
16 F 15-19,1:53:28 AM
75 F 35-39,1:53:28 AM
79 F 30-34,1:53:29 AM
87 M 40-44,1:53:30 AM
80 F 30-34,1:53:31 AM
80 F 25-29,1:53:31 AM
88 M 40-44,1:53:31 AM
45 M 50-54,1:53:32 AM
48 M 20-24,1:53:32 AM
89 M 40-44,1:53:33 AM
46 M 50-54,1:53:33 AM
81 F 25-29,1:53:33 AM
141 M 35-39,1:53:33 AM
49 M 20-24,1:53:34 AM
81 F 30-34,1:53:34 AM
17 F 15-19,1:53:35 AM
142 M 35-39,1:53:36 AM
31 F 40-44,1:53:36 AM
76 F 35-39,1:53:37 AM
82 F 25-29,1:53:37 AM
143 M 35-39,1:53:38 AM
90 M 40-44,1:53:38 AM
77 F 35-39,1:53:38 AM
91 M 40-44,1:53:42 AM
144 M 35-39,1:53:42 AM
92 M 40-44,1:53:43 AM
92 M 25-29,1:53:43 AM
78 F 35-39,1:53:44 AM
134 M 30-34,1:53:44 AM
82 F 30-34,1:53:44 AM
83 F 30-34,1:53:44 AM
18 F 15-19,1:53:44 AM
93 M 25-29,1:53:47 AM
84 F 30-34,1:53:48 AM
61 M 45-49,1:53:48 AM
62 M 45-49,1:53:49 AM
85 F 30-34,1:53:52 AM
135 M 30-34,1:53:53 AM
47 M 50-54,1:53:56 AM
86 F 30-34,1:53:56 AM
17 F 45-49,1:53:56 AM
63 M 45-49,1:53:57 AM
94 M 25-29,1:53:58 AM
136 M 30-34,1:53:59 AM
93 M 40-44,1:53:59 AM
87 F 30-34,1:54:00 AM
79 F 35-39,1:54:00 AM
137 M 30-34,1:54:02 AM
88 F 30-34,1:54:03 AM
94 M 40-44,1:54:08 AM
80 F 35-39,1:54:09 AM
64 M 45-49,1:54:09 AM
65 M 45-49,1:54:10 AM
95 M 40-44,1:54:10 AM
95 M 25-29,1:54:11 AM
48 M 50-54,1:54:11 AM
32 F 40-44,1:54:11 AM
96 M 25-29,1:54:12 AM
49 M 50-54,1:54:12 AM
81 F 35-39,1:54:13 AM
138 M 30-34,1:54:14 AM
89 F 30-34,1:54:14 AM
145 M 35-39,1:54:14 AM
33 F 40-44,1:54:14 AM
96 M 40-44,1:54:14 AM
97 M 25-29,1:54:16 AM
82 F 35-39,1:54:16 AM
83 F 25-29,1:54:18 AM
66 M 45-49,1:54:18 AM
98 M 25-29,1:54:18 AM
139 M 30-34,1:54:19 AM
83 F 35-39,1:54:19 AM
19 F 15-19,1:54:19 AM
140 M 30-34,1:54:19 AM
90 F 30-34,1:54:21 AM
67 M 45-49,1:54:22 AM
91 F 30-34,1:54:24 AM
84 F 25-29,1:54:26 AM
92 F 30-34,1:54:27 AM
34 F 40-44,1:54:27 AM
146 M 35-39,1:54:27 AM
35 F 40-44,1:54:30 AM
50 M 50-54,1:54:31 AM
19 F 50-54,1:54:31 AM
141 M 30-34,1:54:31 AM
97 M 40-44,1:54:33 AM
20 F 15-19,1:54:33 AM
142 M 30-34,1:54:34 AM
36 F 40-44,1:54:35 AM
85 F 25-29,1:54:35 AM
147 M 35-39,1:54:38 AM
99 M 25-29,1:54:39 AM
143 M 30-34,1:54:39 AM
37 F 40-44,1:54:39 AM
86 F 25-29,1:54:40 AM
26 M 55-59,1:54:40 AM
98 M 40-44,1:54:40 AM
51 M 50-54,1:54:41 AM
38 F 40-44,1:54:41 AM
84 F 35-39,1:54:43 AM
100 M 25-29,1:54:44 AM
87 F 25-29,1:54:44 AM
88 F 25-29,1:54:44 AM
101 M 25-29,1:54:45 AM
93 F 30-34,1:54:45 AM
18 F 45-49,1:54:45 AM
102 M 25-29,1:54:46 AM
20 F 50-54,1:54:46 AM
68 M 45-49,1:54:46 AM
21 F 50-54,1:54:46 AM
89 F 25-29,1:54:48 AM
90 F 25-29,1:54:48 AM
148 M 35-39,1:54:48 AM
91 F 25-29,1:54:48 AM
103 M 25-29,1:54:48 AM
3 M 65-69,1:54:49 AM
94 F 30-34,1:54:51 AM
39 F 40-44,1:54:52 AM
45 F 20-24,1:54:53 AM
99 M 40-44,1:54:54 AM
92 F 25-29,1:54:56 AM
149 M 35-39,1:54:56 AM
150 M 35-39,1:54:57 AM
19 F 45-49,1:54:58 AM
20 F 45-49,1:54:58 AM
93 F 25-29,1:54:58 AM
100 M 40-44,1:54:59 AM
144 M 30-34,1:54:59 AM
94 F 25-29,1:55:00 AM
69 M 45-49,1:55:00 AM
95 F 30-34,1:55:02 AM
104 M 25-29,1:55:03 AM
101 M 40-44,1:55:06 AM
50 M 20-24,1:55:07 AM
102 M 40-44,1:55:08 AM
46 F 20-24,1:55:08 AM
95 F 25-29,1:55:08 AM
70 M 45-49,1:55:08 AM
145 M 30-34,1:55:09 AM
71 M 45-49,1:55:09 AM
21 F 45-49,1:55:10 AM
151 M 35-39,1:55:11 AM
13 M 60-64,1:55:13 AM
96 F 30-34,1:55:14 AM
146 M 30-34,1:55:15 AM
85 F 35-39,1:55:15 AM
40 F 40-44,1:55:16 AM
147 M 30-34,1:55:17 AM
103 M 40-44,1:55:17 AM
152 M 35-39,1:55:18 AM
104 M 40-44,1:55:19 AM
72 M 45-49,1:55:20 AM
97 F 30-34,1:55:20 AM
86 F 35-39,1:55:21 AM
96 F 25-29,1:55:21 AM
98 F 30-34,1:55:22 AM
87 F 35-39,1:55:24 AM
51 M 20-24,1:55:24 AM
52 M 50-54,1:55:24 AM
27 M 55-59,1:55:25 AM
41 F 40-44,1:55:25 AM
47 F 20-24,1:55:25 AM
53 M 50-54,1:55:25 AM
88 F 35-39,1:55:26 AM
105 M 25-29,1:55:27 AM
97 F 25-29,1:55:28 AM
42 F 40-44,1:55:29 AM
89 F 35-39,1:55:31 AM
22 F 50-54,1:55:31 AM
73 M 45-49,1:55:32 AM
1 M 70-74,1:55:32 AM
52 M 20-24,1:55:33 AM
98 F 25-29,1:55:33 AM
43 F 40-44,1:55:34 AM
99 F 30-34,1:55:35 AM
48 F 20-24,1:55:35 AM
54 M 50-54,1:55:36 AM
106 M 25-29,1:55:36 AM
74 M 45-49,1:55:36 AM
105 M 40-44,1:55:38 AM
49 F 20-24,1:55:38 AM
107 M 25-29,1:55:41 AM
55 M 50-54,1:55:42 AM
50 F 20-24,1:55:43 AM
108 M 25-29,1:55:45 AM
51 F 20-24,1:55:45 AM
56 M 50-54,1:55:47 AM
100 F 30-34,1:55:48 AM
52 F 20-24,1:55:48 AM
101 F 30-34,1:55:49 AM
23 F 50-54,1:55:49 AM
90 F 35-39,1:55:49 AM
53 F 20-24,1:55:50 AM
153 M 35-39,1:55:52 AM
91 F 35-39,1:55:53 AM
44 F 40-44,1:55:54 AM
99 F 25-29,1:55:56 AM
100 F 25-29,1:55:56 AM
148 M 30-34,1:55:57 AM
75 M 45-49,1:55:57 AM
102 F 30-34,1:55:57 AM
28 M 55-59,1:55:58 AM
21 F 15-19,1:55:58 AM
14 M 60-64,1:56:00 AM
109 M 25-29,1:56:00 AM
92 F 35-39,1:56:01 AM
53 M 20-24,1:56:01 AM
45 F 40-44,1:56:01 AM
103 F 30-34,1:56:04 AM
154 M 35-39,1:56:05 AM
76 M 45-49,1:56:06 AM
110 M 25-29,1:56:06 AM
111 M 25-29,1:56:07 AM
104 F 30-34,1:56:09 AM
24 F 50-54,1:56:10 AM
101 F 25-29,1:56:11 AM
106 M 40-44,1:56:12 AM
22 F 45-49,1:56:12 AM
23 F 45-49,1:56:12 AM
46 F 40-44,1:56:12 AM
107 M 40-44,1:56:13 AM
5 F 55-59,1:56:13 AM
3 M 15-19,1:56:13 AM
155 M 35-39,1:56:14 AM
24 F 45-49,1:56:14 AM
112 M 25-29,1:56:14 AM
102 F 25-29,1:56:17 AM
108 M 40-44,1:56:19 AM
77 M 45-49,1:56:20 AM
54 M 20-24,1:56:20 AM
15 M 60-64,1:56:21 AM
156 M 35-39,1:56:22 AM
157 M 35-39,1:56:23 AM
29 M 55-59,1:56:27 AM
54 F 20-24,1:56:27 AM
55 F 20-24,1:56:27 AM
55 M 20-24,1:56:28 AM
78 M 45-49,1:56:28 AM
113 M 25-29,1:56:29 AM
93 F 35-39,1:56:30 AM
105 F 30-34,1:56:31 AM
149 M 30-34,1:56:31 AM
109 M 40-44,1:56:31 AM
106 F 30-34,1:56:35 AM
79 M 45-49,1:56:36 AM
56 F 20-24,1:56:36 AM
158 M 35-39,1:56:36 AM
110 M 40-44,1:56:36 AM
47 F 40-44,1:56:37 AM
30 M 55-59,1:56:38 AM
57 M 50-54,1:56:38 AM
16 M 60-64,1:56:39 AM
58 M 50-54,1:56:40 AM
150 M 30-34,1:56:41 AM
151 M 30-34,1:56:44 AM
114 M 25-29,1:56:44 AM
57 F 20-24,1:56:45 AM
80 M 45-49,1:56:45 AM
81 M 45-49,1:56:45 AM
58 F 20-24,1:56:46 AM
115 M 25-29,1:56:46 AM
31 M 55-59,1:56:46 AM
32 M 55-59,1:56:47 AM
159 M 35-39,1:56:47 AM
103 F 25-29,1:56:47 AM
48 F 40-44,1:56:48 AM
94 F 35-39,1:56:49 AM
160 M 35-39,1:56:49 AM
95 F 35-39,1:56:49 AM
59 F 20-24,1:56:49 AM
161 M 35-39,1:56:50 AM
96 F 35-39,1:56:51 AM
116 M 25-29,1:56:51 AM
56 M 20-24,1:56:51 AM
152 M 30-34,1:56:53 AM
25 F 45-49,1:56:54 AM
17 M 60-64,1:56:55 AM
49 F 40-44,1:56:55 AM
153 M 30-34,1:56:55 AM
82 M 45-49,1:56:56 AM
50 F 40-44,1:56:57 AM
104 F 25-29,1:56:57 AM
60 F 20-24,1:56:58 AM
107 F 30-34,1:56:58 AM
6 F 55-59,1:56:59 AM
51 F 40-44,1:56:59 AM
105 F 25-29,1:57:00 AM
25 F 50-54,1:57:01 AM
83 M 45-49,1:57:01 AM
106 F 25-29,1:57:02 AM
162 M 35-39,1:57:03 AM
154 M 30-34,1:57:03 AM
108 F 30-34,1:57:05 AM
111 M 40-44,1:57:06 AM
163 M 35-39,1:57:07 AM
155 M 30-34,1:57:07 AM
97 F 35-39,1:57:07 AM
112 M 40-44,1:57:09 AM
113 M 40-44,1:57:09 AM
61 F 20-24,1:57:10 AM
18 M 60-64,1:57:10 AM
59 M 50-54,1:57:11 AM
98 F 35-39,1:57:11 AM
114 M 40-44,1:57:11 AM
52 F 40-44,1:57:13 AM
117 M 25-29,1:57:14 AM
164 M 35-39,1:57:14 AM
109 F 30-34,1:57:14 AM
19 M 60-64,1:57:14 AM
156 M 30-34,1:57:14 AM
99 F 35-39,1:57:15 AM
53 F 40-44,1:57:15 AM
165 M 35-39,1:57:16 AM
62 F 20-24,1:57:16 AM
107 F 25-29,1:57:17 AM
118 M 25-29,1:57:17 AM
108 F 25-29,1:57:17 AM
109 F 25-29,1:57:17 AM
33 M 55-59,1:57:18 AM
115 M 40-44,1:57:18 AM
26 F 50-54,1:57:18 AM
110 F 30-34,1:57:21 AM
54 F 40-44,1:57:21 AM
166 M 35-39,1:57:21 AM
84 M 45-49,1:57:21 AM
116 M 40-44,1:57:22 AM
119 M 25-29,1:57:24 AM
167 M 35-39,1:57:26 AM
4 M 15-19,1:57:27 AM
27 F 50-54,1:57:27 AM
55 F 40-44,1:57:27 AM
110 F 25-29,1:57:28 AM
56 F 40-44,1:57:28 AM
100 F 35-39,1:57:28 AM
63 F 20-24,1:57:29 AM
111 F 25-29,1:57:31 AM
57 M 20-24,1:57:31 AM
111 F 30-34,1:57:31 AM
157 M 30-34,1:57:32 AM
168 M 35-39,1:57:32 AM
112 F 30-34,1:57:33 AM
112 F 25-29,1:57:34 AM
64 F 20-24,1:57:34 AM
120 M 25-29,1:57:35 AM
101 F 35-39,1:57:36 AM
113 F 30-34,1:57:37 AM
169 M 35-39,1:57:37 AM
60 M 50-54,1:57:38 AM
65 F 20-24,1:57:39 AM
113 F 25-29,1:57:39 AM
85 M 45-49,1:57:39 AM
86 M 45-49,1:57:39 AM
170 M 35-39,1:57:39 AM
114 F 25-29,1:57:39 AM
114 F 30-34,1:57:40 AM
115 F 30-34,1:57:40 AM
7 F 55-59,1:57:40 AM
57 F 40-44,1:57:41 AM
116 F 30-34,1:57:41 AM
87 M 45-49,1:57:42 AM
66 F 20-24,1:57:42 AM
117 F 30-34,1:57:42 AM
102 F 35-39,1:57:47 AM
117 M 40-44,1:57:47 AM
115 F 25-29,1:57:48 AM
116 F 25-29,1:57:48 AM
103 F 35-39,1:57:48 AM
61 M 50-54,1:57:49 AM
104 F 35-39,1:57:50 AM
58 F 40-44,1:57:50 AM
117 F 25-29,1:57:52 AM
171 M 35-39,1:57:52 AM
121 M 25-29,1:57:54 AM
8 F 55-59,1:57:55 AM
122 M 25-29,1:57:55 AM
62 M 50-54,1:57:56 AM
118 F 25-29,1:57:56 AM
119 F 25-29,1:57:57 AM
59 F 40-44,1:57:57 AM
120 F 25-29,1:57:57 AM
67 F 20-24,1:57:58 AM
68 F 20-24,1:57:59 AM
105 F 35-39,1:57:59 AM
158 M 30-34,1:58:00 AM
159 M 30-34,1:58:01 AM
118 M 40-44,1:58:02 AM
121 F 25-29,1:58:03 AM
88 M 45-49,1:58:03 AM
172 M 35-39,1:58:04 AM
122 F 25-29,1:58:04 AM
22 F 15-19,1:58:05 AM
69 F 20-24,1:58:05 AM
173 M 35-39,1:58:05 AM
160 M 30-34,1:58:06 AM
70 F 20-24,1:58:06 AM
119 M 40-44,1:58:06 AM
120 M 40-44,1:58:06 AM
118 F 30-34,1:58:08 AM
123 M 25-29,1:58:08 AM
124 M 25-29,1:58:10 AM
34 M 55-59,1:58:11 AM
161 M 30-34,1:58:11 AM
125 M 25-29,1:58:12 AM
58 M 20-24,1:58:12 AM
121 M 40-44,1:58:12 AM
71 F 20-24,1:58:13 AM
106 F 35-39,1:58:14 AM
72 F 20-24,1:58:14 AM
119 F 30-34,1:58:15 AM
123 F 25-29,1:58:15 AM
107 F 35-39,1:58:17 AM
126 M 25-29,1:58:17 AM
26 F 45-49,1:58:18 AM
124 F 25-29,1:58:19 AM
125 F 25-29,1:58:21 AM
120 F 30-34,1:58:21 AM
108 F 35-39,1:58:22 AM
121 F 30-34,1:58:22 AM
9 F 55-59,1:58:22 AM
89 M 45-49,1:58:22 AM
174 M 35-39,1:58:23 AM
122 F 30-34,1:58:23 AM
60 F 40-44,1:58:24 AM
59 M 20-24,1:58:25 AM
63 M 50-54,1:58:25 AM
126 F 25-29,1:58:26 AM
20 M 60-64,1:58:26 AM
61 F 40-44,1:58:26 AM
62 F 40-44,1:58:27 AM
123 F 30-34,1:58:28 AM
60 M 20-24,1:58:28 AM
27 F 45-49,1:58:29 AM
109 F 35-39,1:58:29 AM
21 M 60-64,1:58:30 AM
64 M 50-54,1:58:30 AM
122 M 40-44,1:58:30 AM
28 F 50-54,1:58:32 AM
110 F 35-39,1:58:33 AM
65 M 50-54,1:58:33 AM
111 F 35-39,1:58:33 AM
66 M 50-54,1:58:33 AM
90 M 45-49,1:58:35 AM
63 F 40-44,1:58:35 AM
22 M 60-64,1:58:35 AM
162 M 30-34,1:58:35 AM
91 M 45-49,1:58:35 AM
124 F 30-34,1:58:37 AM
112 F 35-39,1:58:37 AM
29 F 50-54,1:58:37 AM
125 F 30-34,1:58:38 AM
4 M 65-69,1:58:39 AM
175 M 35-39,1:58:39 AM
28 F 45-49,1:58:40 AM
127 F 25-29,1:58:40 AM
163 M 30-34,1:58:41 AM
92 M 45-49,1:58:41 AM
164 M 30-34,1:58:42 AM
113 F 35-39,1:58:43 AM
64 F 40-44,1:58:43 AM
114 F 35-39,1:58:44 AM
29 F 45-49,1:58:44 AM
128 F 25-29,1:58:44 AM
123 M 40-44,1:58:47 AM
115 F 35-39,1:58:47 AM
129 F 25-29,1:58:48 AM
10 F 55-59,1:58:48 AM
124 M 40-44,1:58:49 AM
130 F 25-29,1:58:49 AM
93 M 45-49,1:58:50 AM
165 M 30-34,1:58:50 AM
176 M 35-39,1:58:50 AM
126 F 30-34,1:58:50 AM
127 F 30-34,1:58:50 AM
94 M 45-49,1:58:51 AM
131 F 25-29,1:58:51 AM
2 M 1-14,1:58:52 AM
23 M 60-64,1:58:52 AM
132 F 25-29,1:58:54 AM
30 F 45-49,1:58:54 AM
133 F 25-29,1:58:55 AM
65 F 40-44,1:58:55 AM
95 M 45-49,1:58:57 AM
73 F 20-24,1:59:01 AM
125 M 40-44,1:59:02 AM
177 M 35-39,1:59:03 AM
96 M 45-49,1:59:04 AM
66 F 40-44,1:59:04 AM
31 F 45-49,1:59:04 AM
67 F 40-44,1:59:06 AM
11 F 55-59,1:59:06 AM
5 M 65-69,1:59:08 AM
116 F 35-39,1:59:10 AM
166 M 30-34,1:59:11 AM
134 F 25-29,1:59:14 AM
117 F 35-39,1:59:14 AM
126 M 40-44,1:59:14 AM
68 F 40-44,1:59:15 AM
178 M 35-39,1:59:15 AM
179 M 35-39,1:59:15 AM
97 M 45-49,1:59:15 AM
24 M 60-64,1:59:16 AM
180 M 35-39,1:59:16 AM
69 F 40-44,1:59:17 AM
70 F 40-44,1:59:17 AM
98 M 45-49,1:59:17 AM
74 F 20-24,1:59:19 AM
128 F 30-34,1:59:19 AM
32 F 45-49,1:59:22 AM
71 F 40-44,1:59:22 AM
129 F 30-34,1:59:22 AM
72 F 40-44,1:59:22 AM
30 F 50-54,1:59:24 AM
2 M 70-74,1:59:24 AM
135 F 25-29,1:59:30 AM
31 F 50-54,1:59:31 AM
118 F 35-39,1:59:32 AM
67 M 50-54,1:59:32 AM
136 F 25-29,1:59:32 AM
130 F 30-34,1:59:32 AM
137 F 25-29,1:59:32 AM
119 F 35-39,1:59:33 AM
75 F 20-24,1:59:34 AM
131 F 30-34,1:59:35 AM
132 F 30-34,1:59:37 AM
138 F 25-29,1:59:37 AM
127 M 40-44,1:59:38 AM
139 F 25-29,1:59:38 AM
35 M 55-59,1:59:38 AM
120 F 35-39,1:59:39 AM
133 F 30-34,1:59:39 AM
73 F 40-44,1:59:39 AM
167 M 30-34,1:59:39 AM
68 M 50-54,1:59:39 AM
140 F 25-29,1:59:40 AM
121 F 35-39,1:59:40 AM
122 F 35-39,1:59:40 AM
99 M 45-49,1:59:41 AM
181 M 35-39,1:59:42 AM
100 M 45-49,1:59:43 AM
141 F 25-29,1:59:43 AM
123 F 35-39,1:59:43 AM
124 F 35-39,1:59:44 AM
168 M 30-34,1:59:45 AM
134 F 30-34,1:59:45 AM
169 M 30-34,1:59:46 AM
182 M 35-39,1:59:48 AM
125 F 35-39,1:59:48 AM
32 F 50-54,1:59:48 AM
5 M 15-19,1:59:48 AM
33 F 45-49,1:59:50 AM
128 M 40-44,1:59:50 AM
69 M 50-54,1:59:51 AM
76 F 20-24,1:59:54 AM
74 F 40-44,1:59:55 AM
126 F 35-39,1:59:55 AM
77 F 20-24,1:59:57 AM
78 F 20-24,1:59:57 AM
127 M 25-29,2:00:00 AM
135 F 30-34,2:00:00 AM
142 F 25-29,2:00:00 AM
183 M 35-39,2:00:01 AM
75 F 40-44,2:00:02 AM
76 F 40-44,2:00:02 AM
33 F 50-54,2:00:03 AM
61 M 20-24,2:00:05 AM
143 F 25-29,2:00:05 AM
79 F 20-24,2:00:05 AM
80 F 20-24,2:00:06 AM
62 M 20-24,2:00:07 AM
101 M 45-49,2:00:07 AM
144 F 25-29,2:00:09 AM
145 F 25-29,2:00:09 AM
136 F 30-34,2:00:10 AM
137 F 30-34,2:00:10 AM
81 F 20-24,2:00:12 AM
184 M 35-39,2:00:12 AM
82 F 20-24,2:00:13 AM
34 F 45-49,2:00:14 AM
35 F 45-49,2:00:14 AM
36 F 45-49,2:00:15 AM
12 F 55-59,2:00:16 AM
37 F 45-49,2:00:16 AM
127 F 35-39,2:00:17 AM
38 F 45-49,2:00:17 AM
128 F 35-39,2:00:19 AM
129 F 35-39,2:00:19 AM
34 F 50-54,2:00:20 AM
129 M 40-44,2:00:25 AM
39 F 45-49,2:00:29 AM
146 F 25-29,2:00:29 AM
147 F 25-29,2:00:30 AM
148 F 25-29,2:00:34 AM
185 M 35-39,2:00:35 AM
3 F 60-64,2:00:37 AM
35 F 50-54,2:00:37 AM
128 M 25-29,2:00:38 AM
63 M 20-24,2:00:38 AM
83 F 20-24,2:00:38 AM
36 F 50-54,2:00:39 AM
149 F 25-29,2:00:41 AM
40 F 45-49,2:00:41 AM
77 F 40-44,2:00:42 AM
78 F 40-44,2:00:43 AM
102 M 45-49,2:00:46 AM
130 F 35-39,2:00:47 AM
79 F 40-44,2:00:49 AM
64 M 20-24,2:00:50 AM
131 F 35-39,2:00:50 AM
84 F 20-24,2:00:51 AM
85 F 20-24,2:00:51 AM
132 F 35-39,2:00:53 AM
170 M 30-34,2:00:54 AM
150 F 25-29,2:00:57 AM
41 F 45-49,2:00:58 AM
151 F 25-29,2:00:58 AM
65 M 20-24,2:00:59 AM
171 M 30-34,2:01:00 AM
133 F 35-39,2:01:01 AM
138 F 30-34,2:01:02 AM
103 M 45-49,2:01:02 AM
70 M 50-54,2:01:03 AM
80 F 40-44,2:01:04 AM
134 F 35-39,2:01:07 AM
42 F 45-49,2:01:07 AM
104 M 45-49,2:01:08 AM
135 F 35-39,2:01:08 AM
86 F 20-24,2:01:09 AM
66 M 20-24,2:01:09 AM
139 F 30-34,2:01:10 AM
37 F 50-54,2:01:10 AM
136 F 35-39,2:01:10 AM
137 F 35-39,2:01:11 AM
186 M 35-39,2:01:11 AM
87 F 20-24,2:01:11 AM
140 F 30-34,2:01:12 AM
13 F 55-59,2:01:13 AM
152 F 25-29,2:01:13 AM
172 M 30-34,2:01:16 AM
141 F 30-34,2:01:17 AM
81 F 40-44,2:01:17 AM
142 F 30-34,2:01:19 AM
143 F 30-34,2:01:20 AM
82 F 40-44,2:01:21 AM
173 M 30-34,2:01:23 AM
130 M 40-44,2:01:24 AM
138 F 35-39,2:01:25 AM
139 F 35-39,2:01:25 AM
153 F 25-29,2:01:26 AM
6 M 65-69,2:01:27 AM
144 F 30-34,2:01:29 AM
105 M 45-49,2:01:30 AM
145 F 30-34,2:01:31 AM
25 M 60-64,2:01:31 AM
14 F 55-59,2:01:33 AM
140 F 35-39,2:01:33 AM
88 F 20-24,2:01:34 AM
141 F 35-39,2:01:35 AM
131 M 40-44,2:01:35 AM
106 M 45-49,2:01:36 AM
187 M 35-39,2:01:38 AM
142 F 35-39,2:01:41 AM
83 F 40-44,2:01:42 AM
143 F 35-39,2:01:42 AM
89 F 20-24,2:01:44 AM
132 M 40-44,2:01:44 AM
107 M 45-49,2:01:44 AM
71 M 50-54,2:01:46 AM
108 M 45-49,2:01:48 AM
90 F 20-24,2:01:51 AM
43 F 45-49,2:01:52 AM
44 F 45-49,2:01:52 AM
146 F 30-34,2:01:56 AM
72 M 50-54,2:01:58 AM
45 F 45-49,2:02:01 AM
129 M 25-29,2:02:02 AM
174 M 30-34,2:02:04 AM
147 F 30-34,2:02:05 AM
46 F 45-49,2:02:05 AM
130 M 25-29,2:02:05 AM
148 F 30-34,2:02:05 AM
144 F 35-39,2:02:06 AM
149 F 30-34,2:02:06 AM
38 F 50-54,2:02:06 AM
145 F 35-39,2:02:07 AM
146 F 35-39,2:02:07 AM
147 F 35-39,2:02:07 AM
148 F 35-39,2:02:09 AM
47 F 45-49,2:02:09 AM
149 F 35-39,2:02:09 AM
84 F 40-44,2:02:09 AM
154 F 25-29,2:02:10 AM
133 M 40-44,2:02:11 AM
155 F 25-29,2:02:12 AM
150 F 35-39,2:02:14 AM
91 F 20-24,2:02:15 AM
134 M 40-44,2:02:15 AM
188 M 35-39,2:02:17 AM
36 M 55-59,2:02:17 AM
189 M 35-39,2:02:17 AM
175 M 30-34,2:02:18 AM
150 F 30-34,2:02:18 AM
151 F 35-39,2:02:18 AM
85 F 40-44,2:02:19 AM
109 M 45-49,2:02:21 AM
151 F 30-34,2:02:28 AM
152 F 35-39,2:02:29 AM
15 F 55-59,2:02:29 AM
153 F 35-39,2:02:30 AM
135 M 40-44,2:02:31 AM
156 F 25-29,2:02:32 AM
73 M 50-54,2:02:32 AM
152 F 30-34,2:02:33 AM
153 F 30-34,2:02:33 AM
74 M 50-54,2:02:36 AM
154 F 30-34,2:02:37 AM
26 M 60-64,2:02:37 AM
190 M 35-39,2:02:38 AM
157 F 25-29,2:02:38 AM
136 M 40-44,2:02:39 AM
86 F 40-44,2:02:39 AM
75 M 50-54,2:02:40 AM
110 M 45-49,2:02:41 AM
137 M 40-44,2:02:44 AM
87 F 40-44,2:02:45 AM
154 F 35-39,2:02:45 AM
191 M 35-39,2:02:46 AM
192 M 35-39,2:02:49 AM
131 M 25-29,2:02:50 AM
48 F 45-49,2:02:50 AM
158 F 25-29,2:02:51 AM
155 F 30-34,2:02:53 AM
176 M 30-34,2:02:53 AM
155 F 35-39,2:02:53 AM
159 F 25-29,2:02:53 AM
160 F 25-29,2:02:53 AM
161 F 25-29,2:02:54 AM
156 F 35-39,2:02:54 AM
76 M 50-54,2:02:55 AM
77 M 50-54,2:02:59 AM
193 M 35-39,2:02:59 AM
37 M 55-59,2:02:59 AM
67 M 20-24,2:02:59 AM
157 F 35-39,2:03:00 AM
92 F 20-24,2:03:00 AM
88 F 40-44,2:03:00 AM
49 F 45-49,2:03:01 AM
89 F 40-44,2:03:02 AM
50 F 45-49,2:03:04 AM
38 M 55-59,2:03:04 AM
156 F 30-34,2:03:06 AM
157 F 30-34,2:03:09 AM
23 F 15-19,2:03:09 AM
158 F 30-34,2:03:10 AM
158 F 35-39,2:03:10 AM
177 M 30-34,2:03:10 AM
132 M 25-29,2:03:11 AM
159 F 30-34,2:03:14 AM
51 F 45-49,2:03:14 AM
24 F 15-19,2:03:15 AM
159 F 35-39,2:03:15 AM
162 F 25-29,2:03:17 AM
93 F 20-24,2:03:18 AM
160 F 30-34,2:03:18 AM
194 M 35-39,2:03:18 AM
39 M 55-59,2:03:18 AM
94 F 20-24,2:03:21 AM
90 F 40-44,2:03:22 AM
39 F 50-54,2:03:23 AM
161 F 30-34,2:03:24 AM
162 F 30-34,2:03:25 AM
40 F 50-54,2:03:25 AM
163 F 25-29,2:03:25 AM
95 F 20-24,2:03:26 AM
68 M 20-24,2:03:26 AM
160 F 35-39,2:03:26 AM
69 M 20-24,2:03:27 AM
138 M 40-44,2:03:27 AM
4 F 60-64,2:03:28 AM
195 M 35-39,2:03:28 AM
139 M 40-44,2:03:29 AM
161 F 35-39,2:03:29 AM
164 F 25-29,2:03:32 AM
52 F 45-49,2:03:32 AM
162 F 35-39,2:03:33 AM
140 M 40-44,2:03:34 AM
163 F 35-39,2:03:35 AM
164 F 35-39,2:03:38 AM
91 F 40-44,2:03:39 AM
141 M 40-44,2:03:39 AM
92 F 40-44,2:03:39 AM
178 M 30-34,2:03:40 AM
196 M 35-39,2:03:40 AM
165 F 25-29,2:03:40 AM
133 M 25-29,2:03:40 AM
96 F 20-24,2:03:40 AM
93 F 40-44,2:03:40 AM
78 M 50-54,2:03:46 AM
40 M 55-59,2:03:47 AM
111 M 45-49,2:03:47 AM
134 M 25-29,2:03:48 AM
166 F 25-29,2:03:50 AM
25 F 15-19,2:03:51 AM
53 F 45-49,2:03:53 AM
94 F 40-44,2:03:53 AM
3 M 70-74,2:03:56 AM
197 M 35-39,2:03:56 AM
198 M 35-39,2:03:57 AM
167 F 25-29,2:03:59 AM
97 F 20-24,2:03:59 AM
142 M 40-44,2:03:59 AM
112 M 45-49,2:03:59 AM
163 F 30-34,2:03:59 AM
113 M 45-49,2:04:00 AM
95 F 40-44,2:04:00 AM
199 M 35-39,2:04:00 AM
164 F 30-34,2:04:03 AM
41 F 50-54,2:04:05 AM
79 M 50-54,2:04:05 AM
165 F 30-34,2:04:05 AM
168 F 25-29,2:04:06 AM
165 F 35-39,2:04:06 AM
42 F 50-54,2:04:06 AM
135 M 25-29,2:04:06 AM
114 M 45-49,2:04:08 AM
96 F 40-44,2:04:08 AM
98 F 20-24,2:04:08 AM
169 F 25-29,2:04:09 AM
143 M 40-44,2:04:09 AM
166 F 30-34,2:04:10 AM
170 F 25-29,2:04:10 AM
54 F 45-49,2:04:10 AM
99 F 20-24,2:04:12 AM
171 F 25-29,2:04:12 AM
43 F 50-54,2:04:13 AM
70 M 20-24,2:04:15 AM
144 M 40-44,2:04:16 AM
115 M 45-49,2:04:17 AM
172 F 25-29,2:04:17 AM
5 F 60-64,2:04:17 AM
179 M 30-34,2:04:17 AM
180 M 30-34,2:04:18 AM
166 F 35-39,2:04:18 AM
167 F 35-39,2:04:19 AM
100 F 20-24,2:04:22 AM
71 M 20-24,2:04:22 AM
145 M 40-44,2:04:22 AM
44 F 50-54,2:04:23 AM
167 F 30-34,2:04:24 AM
41 M 55-59,2:04:24 AM
173 F 25-29,2:04:24 AM
136 M 25-29,2:04:25 AM
181 M 30-34,2:04:27 AM
45 F 50-54,2:04:29 AM
174 F 25-29,2:04:29 AM
97 F 40-44,2:04:32 AM
168 F 30-34,2:04:32 AM
182 M 30-34,2:04:33 AM
168 F 35-39,2:04:33 AM
101 F 20-24,2:04:35 AM
146 M 40-44,2:04:35 AM
169 F 30-34,2:04:35 AM
170 F 30-34,2:04:36 AM
200 M 35-39,2:04:36 AM
201 M 35-39,2:04:38 AM
147 M 40-44,2:04:41 AM
2 F 1-14,2:04:44 AM
169 F 35-39,2:04:44 AM
170 F 35-39,2:04:45 AM
171 F 35-39,2:04:45 AM
55 F 45-49,2:04:46 AM
172 F 35-39,2:04:46 AM
173 F 35-39,2:04:47 AM
98 F 40-44,2:04:48 AM
202 M 35-39,2:04:48 AM
56 F 45-49,2:04:49 AM
102 F 20-24,2:04:49 AM
103 F 20-24,2:04:49 AM
104 F 20-24,2:04:50 AM
174 F 35-39,2:04:51 AM
148 M 40-44,2:04:51 AM
175 F 35-39,2:04:53 AM
3 M 1-14,2:04:54 AM
176 F 35-39,2:04:55 AM
175 F 25-29,2:04:56 AM
171 F 30-34,2:04:56 AM
183 M 30-34,2:04:58 AM
176 F 25-29,2:04:59 AM
72 M 20-24,2:04:59 AM
73 M 20-24,2:05:00 AM
184 M 30-34,2:05:00 AM
149 M 40-44,2:05:03 AM
105 F 20-24,2:05:03 AM
80 M 50-54,2:05:03 AM
106 F 20-24,2:05:05 AM
137 M 25-29,2:05:06 AM
177 F 35-39,2:05:06 AM
203 M 35-39,2:05:07 AM
177 F 25-29,2:05:07 AM
46 F 50-54,2:05:08 AM
172 F 30-34,2:05:09 AM
57 F 45-49,2:05:10 AM
178 F 25-29,2:05:10 AM
173 F 30-34,2:05:10 AM
47 F 50-54,2:05:10 AM
138 M 25-29,2:05:10 AM
179 F 25-29,2:05:11 AM
180 F 25-29,2:05:12 AM
185 M 30-34,2:05:14 AM
178 F 35-39,2:05:15 AM
179 F 35-39,2:05:17 AM
16 F 55-59,2:05:17 AM
116 M 45-49,2:05:18 AM
7 M 65-69,2:05:19 AM
26 F 15-19,2:05:20 AM
58 F 45-49,2:05:20 AM
59 F 45-49,2:05:22 AM
150 M 40-44,2:05:23 AM
181 F 25-29,2:05:24 AM
182 F 25-29,2:05:24 AM
107 F 20-24,2:05:24 AM
99 F 40-44,2:05:24 AM
183 F 25-29,2:05:26 AM
27 F 15-19,2:05:26 AM
74 M 20-24,2:05:28 AM
184 F 25-29,2:05:30 AM
139 M 25-29,2:05:31 AM
204 M 35-39,2:05:34 AM
42 M 55-59,2:05:34 AM
108 F 20-24,2:05:35 AM
43 M 55-59,2:05:37 AM
180 F 35-39,2:05:38 AM
185 F 25-29,2:05:38 AM
140 M 25-29,2:05:39 AM
117 M 45-49,2:05:39 AM
186 F 25-29,2:05:39 AM
141 M 25-29,2:05:40 AM
151 M 40-44,2:05:40 AM
142 M 25-29,2:05:40 AM
152 M 40-44,2:05:40 AM
174 F 30-34,2:05:40 AM
118 M 45-49,2:05:41 AM
175 F 30-34,2:05:41 AM
143 M 25-29,2:05:41 AM
181 F 35-39,2:05:43 AM
182 F 35-39,2:05:43 AM
187 F 25-29,2:05:44 AM
153 M 40-44,2:05:45 AM
188 F 25-29,2:05:46 AM
176 F 30-34,2:05:46 AM
183 F 35-39,2:05:47 AM
100 F 40-44,2:05:47 AM
189 F 25-29,2:05:47 AM
109 F 20-24,2:05:48 AM
110 F 20-24,2:05:48 AM
184 F 35-39,2:05:49 AM
111 F 20-24,2:05:50 AM
48 F 50-54,2:05:50 AM
112 F 20-24,2:05:50 AM
185 F 35-39,2:05:52 AM
81 M 50-54,2:05:52 AM
60 F 45-49,2:05:55 AM
6 F 60-64,2:05:55 AM
190 F 25-29,2:05:56 AM
75 M 20-24,2:05:57 AM
154 M 40-44,2:05:58 AM
49 F 50-54,2:05:59 AM
82 M 50-54,2:05:59 AM
186 F 35-39,2:06:00 AM
113 F 20-24,2:06:02 AM
186 M 30-34,2:06:02 AM
114 F 20-24,2:06:02 AM
83 M 50-54,2:06:05 AM
187 F 35-39,2:06:07 AM
188 F 35-39,2:06:09 AM
101 F 40-44,2:06:09 AM
177 F 30-34,2:06:10 AM
191 F 25-29,2:06:10 AM
192 F 25-29,2:06:11 AM
193 F 25-29,2:06:12 AM
119 M 45-49,2:06:12 AM
61 F 45-49,2:06:12 AM
7 F 60-64,2:06:12 AM
189 F 35-39,2:06:13 AM
,2:06:14 AM
194 F 25-29,2:06:14 AM
195 F 25-29,2:06:14 AM
155 M 40-44,2:06:15 AM
27 M 60-64,2:06:15 AM
102 F 40-44,2:06:17 AM
190 F 35-39,2:06:18 AM
17 F 55-59,2:06:19 AM
178 F 30-34,2:06:19 AM
120 M 45-49,2:06:20 AM
179 F 30-34,2:06:20 AM
191 F 35-39,2:06:20 AM
156 M 40-44,2:06:21 AM
144 M 25-29,2:06:22 AM
157 M 40-44,2:06:22 AM
62 F 45-49,2:06:24 AM
103 F 40-44,2:06:26 AM
63 F 45-49,2:06:29 AM
84 M 50-54,2:06:30 AM
64 F 45-49,2:06:30 AM
65 F 45-49,2:06:31 AM
115 F 20-24,2:06:32 AM
196 F 25-29,2:06:32 AM
116 F 20-24,2:06:33 AM
50 F 50-54,2:06:34 AM
158 M 40-44,2:06:34 AM
192 F 35-39,2:06:35 AM
193 F 35-39,2:06:38 AM
194 F 35-39,2:06:38 AM
117 F 20-24,2:06:40 AM
197 F 25-29,2:06:41 AM
198 F 25-29,2:06:41 AM
159 M 40-44,2:06:41 AM
199 F 25-29,2:06:41 AM
85 M 50-54,2:06:41 AM
121 M 45-49,2:06:41 AM
44 M 55-59,2:06:42 AM
4 M 70-74,2:06:42 AM
45 M 55-59,2:06:43 AM
180 F 30-34,2:06:43 AM
195 F 35-39,2:06:47 AM
181 F 30-34,2:06:47 AM
51 F 50-54,2:06:50 AM
145 M 25-29,2:06:50 AM
52 F 50-54,2:06:51 AM
196 F 35-39,2:06:52 AM
28 F 15-19,2:06:53 AM
160 M 40-44,2:06:55 AM
29 F 15-19,2:06:55 AM
146 M 25-29,2:06:56 AM
200 F 25-29,2:06:56 AM
118 F 20-24,2:06:56 AM
18 F 55-59,2:06:56 AM
161 M 40-44,2:06:57 AM
28 M 60-64,2:06:58 AM
187 M 30-34,2:06:58 AM
197 F 35-39,2:07:01 AM
182 F 30-34,2:07:01 AM
201 F 25-29,2:07:01 AM
8 M 65-69,2:07:02 AM
202 F 25-29,2:07:02 AM
205 M 35-39,2:07:03 AM
183 F 30-34,2:07:03 AM
66 F 45-49,2:07:03 AM
76 M 20-24,2:07:04 AM
206 M 35-39,2:07:04 AM
122 M 45-49,2:07:04 AM
198 F 35-39,2:07:05 AM
119 F 20-24,2:07:07 AM
147 M 25-29,2:07:09 AM
120 F 20-24,2:07:10 AM
19 F 55-59,2:07:10 AM
184 F 30-34,2:07:10 AM
53 F 50-54,2:07:10 AM
203 F 25-29,2:07:11 AM
20 F 55-59,2:07:12 AM
148 M 25-29,2:07:12 AM
185 F 30-34,2:07:12 AM
204 F 25-29,2:07:13 AM
121 F 20-24,2:07:13 AM
199 F 35-39,2:07:14 AM
104 F 40-44,2:07:14 AM
86 M 50-54,2:07:14 AM
200 F 35-39,2:07:14 AM
54 F 50-54,2:07:15 AM
67 F 45-49,2:07:15 AM
122 F 20-24,2:07:16 AM
105 F 40-44,2:07:18 AM
201 F 35-39,2:07:18 AM
205 F 25-29,2:07:19 AM
206 F 25-29,2:07:19 AM
207 F 25-29,2:07:20 AM
208 F 25-29,2:07:20 AM
202 F 35-39,2:07:23 AM
68 F 45-49,2:07:27 AM
186 F 30-34,2:07:27 AM
106 F 40-44,2:07:28 AM
55 F 50-54,2:07:30 AM
203 F 35-39,2:07:30 AM
204 F 35-39,2:07:31 AM
187 F 30-34,2:07:31 AM
107 F 40-44,2:07:31 AM
188 F 30-34,2:07:31 AM
21 F 55-59,2:07:32 AM
207 M 35-39,2:07:32 AM
189 F 30-34,2:07:32 AM
69 F 45-49,2:07:32 AM
77 M 20-24,2:07:33 AM
149 M 25-29,2:07:34 AM
108 F 40-44,2:07:34 AM
56 F 50-54,2:07:34 AM
208 M 35-39,2:07:35 AM
123 M 45-49,2:07:35 AM
190 F 30-34,2:07:35 AM
109 F 40-44,2:07:35 AM
110 F 40-44,2:07:35 AM
123 F 20-24,2:07:36 AM
111 F 40-44,2:07:36 AM
124 F 20-24,2:07:36 AM
205 F 35-39,2:07:39 AM
191 F 30-34,2:07:41 AM
192 F 30-34,2:07:41 AM
124 M 45-49,2:07:41 AM
125 F 20-24,2:07:41 AM
70 F 45-49,2:07:43 AM
57 F 50-54,2:07:43 AM
193 F 30-34,2:07:45 AM
71 F 45-49,2:07:47 AM
162 M 40-44,2:07:47 AM
206 F 35-39,2:07:47 AM
112 F 40-44,2:07:48 AM
194 F 30-34,2:07:48 AM
209 F 25-29,2:07:49 AM
30 F 15-19,2:07:50 AM
31 F 15-19,2:07:50 AM
72 F 45-49,2:07:51 AM
210 F 25-29,2:07:52 AM
211 F 25-29,2:07:53 AM
209 M 35-39,2:07:53 AM
113 F 40-44,2:07:54 AM
3 F 1-14,2:07:54 AM
114 F 40-44,2:07:54 AM
125 M 45-49,2:07:55 AM
126 M 45-49,2:07:56 AM
126 F 20-24,2:07:56 AM
127 F 20-24,2:07:57 AM
188 M 30-34,2:07:58 AM
22 F 55-59,2:08:00 AM
195 F 30-34,2:08:01 AM
127 M 45-49,2:08:02 AM
115 F 40-44,2:08:02 AM
189 M 30-34,2:08:03 AM
73 F 45-49,2:08:03 AM
196 F 30-34,2:08:04 AM
128 F 20-24,2:08:05 AM
197 F 30-34,2:08:07 AM
212 F 25-29,2:08:08 AM
213 F 25-29,2:08:08 AM
214 F 25-29,2:08:08 AM
215 F 25-29,2:08:08 AM
207 F 35-39,2:08:09 AM
58 F 50-54,2:08:10 AM
163 M 40-44,2:08:11 AM
216 F 25-29,2:08:12 AM
198 F 30-34,2:08:13 AM
210 M 35-39,2:08:13 AM
199 F 30-34,2:08:14 AM
78 M 20-24,2:08:14 AM
87 M 50-54,2:08:15 AM
190 M 30-34,2:08:15 AM
217 F 25-29,2:08:16 AM
46 M 55-59,2:08:16 AM
208 F 35-39,2:08:17 AM
74 F 45-49,2:08:17 AM
129 F 20-24,2:08:17 AM
130 F 20-24,2:08:17 AM
209 F 35-39,2:08:17 AM
210 F 35-39,2:08:20 AM
211 M 35-39,2:08:21 AM
164 M 40-44,2:08:23 AM
59 F 50-54,2:08:24 AM
200 F 30-34,2:08:25 AM
211 F 35-39,2:08:25 AM
128 M 45-49,2:08:26 AM
29 M 60-64,2:08:26 AM
212 F 35-39,2:08:27 AM
116 F 40-44,2:08:27 AM
60 F 50-54,2:08:27 AM
32 F 15-19,2:08:28 AM
201 F 30-34,2:08:30 AM
165 M 40-44,2:08:30 AM
131 F 20-24,2:08:31 AM
191 M 30-34,2:08:32 AM
166 M 40-44,2:08:32 AM
202 F 30-34,2:08:33 AM
203 F 30-34,2:08:33 AM
117 F 40-44,2:08:36 AM
204 F 30-34,2:08:36 AM
129 M 45-49,2:08:38 AM
75 F 45-49,2:08:39 AM
167 M 40-44,2:08:39 AM
76 F 45-49,2:08:40 AM
61 F 50-54,2:08:40 AM
79 M 20-24,2:08:42 AM
218 F 25-29,2:08:44 AM
80 M 20-24,2:08:45 AM
118 F 40-44,2:08:45 AM
88 M 50-54,2:08:45 AM
132 F 20-24,2:08:45 AM
219 F 25-29,2:08:45 AM
205 F 30-34,2:08:46 AM
192 M 30-34,2:08:47 AM
119 F 40-44,2:08:48 AM
133 F 20-24,2:08:48 AM
134 F 20-24,2:08:49 AM
77 F 45-49,2:08:50 AM
206 F 30-34,2:08:51 AM
120 F 40-44,2:08:52 AM
220 F 25-29,2:08:54 AM
213 F 35-39,2:08:54 AM
81 M 20-24,2:08:58 AM
207 F 30-34,2:09:00 AM
208 F 30-34,2:09:01 AM
135 F 20-24,2:09:01 AM
193 M 30-34,2:09:02 AM
214 F 35-39,2:09:02 AM
89 M 50-54,2:09:03 AM
209 F 30-34,2:09:03 AM
194 M 30-34,2:09:04 AM
62 F 50-54,2:09:04 AM
215 F 35-39,2:09:05 AM
136 F 20-24,2:09:05 AM
168 M 40-44,2:09:06 AM
221 F 25-29,2:09:06 AM
222 F 25-29,2:09:08 AM
195 M 30-34,2:09:08 AM
212 M 35-39,2:09:09 AM
223 F 25-29,2:09:09 AM
224 F 25-29,2:09:09 AM
210 F 30-34,2:09:10 AM
216 F 35-39,2:09:12 AM
121 F 40-44,2:09:12 AM
213 M 35-39,2:09:12 AM
225 F 25-29,2:09:12 AM
137 F 20-24,2:09:12 AM
122 F 40-44,2:09:13 AM
211 F 30-34,2:09:13 AM
82 M 20-24,2:09:14 AM
6 M 15-19,2:09:17 AM
7 M 15-19,2:09:17 AM
226 F 25-29,2:09:18 AM
78 F 45-49,2:09:19 AM
227 F 25-29,2:09:19 AM
90 M 50-54,2:09:19 AM
214 M 35-39,2:09:19 AM
150 M 25-29,2:09:19 AM
212 F 30-34,2:09:20 AM
91 M 50-54,2:09:20 AM
9 M 65-69,2:09:21 AM
138 F 20-24,2:09:21 AM
139 F 20-24,2:09:22 AM
79 F 45-49,2:09:22 AM
151 M 25-29,2:09:23 AM
80 F 45-49,2:09:25 AM
140 F 20-24,2:09:26 AM
217 F 35-39,2:09:26 AM
218 F 35-39,2:09:26 AM
219 F 35-39,2:09:27 AM
33 F 15-19,2:09:27 AM
228 F 25-29,2:09:27 AM
229 F 25-29,2:09:28 AM
220 F 35-39,2:09:28 AM
169 M 40-44,2:09:30 AM
152 M 25-29,2:09:31 AM
230 F 25-29,2:09:32 AM
231 F 25-29,2:09:33 AM
123 F 40-44,2:09:33 AM
170 M 40-44,2:09:35 AM
124 F 40-44,2:09:36 AM
221 F 35-39,2:09:39 AM
222 F 35-39,2:09:39 AM
125 F 40-44,2:09:40 AM
141 F 20-24,2:09:41 AM
232 F 25-29,2:09:42 AM
215 M 35-39,2:09:42 AM
142 F 20-24,2:09:43 AM
81 F 45-49,2:09:43 AM
223 F 35-39,2:09:44 AM
213 F 30-34,2:09:44 AM
82 F 45-49,2:09:44 AM
126 F 40-44,2:09:44 AM
224 F 35-39,2:09:44 AM
153 M 25-29,2:09:45 AM
143 F 20-24,2:09:46 AM
83 F 45-49,2:09:46 AM
214 F 30-34,2:09:48 AM
84 F 45-49,2:09:48 AM
215 F 30-34,2:09:48 AM
225 F 35-39,2:09:49 AM
226 F 35-39,2:09:49 AM
196 M 30-34,2:09:50 AM
227 F 35-39,2:09:50 AM
228 F 35-39,2:09:51 AM
85 F 45-49,2:09:52 AM
144 F 20-24,2:09:52 AM
23 F 55-59,2:09:54 AM
216 F 30-34,2:09:54 AM
233 F 25-29,2:09:56 AM
234 F 25-29,2:09:56 AM
145 F 20-24,2:09:57 AM
146 F 20-24,2:09:58 AM
127 F 40-44,2:09:59 AM
8 F 60-64,2:10:00 AM
229 F 35-39,2:10:01 AM
230 F 35-39,2:10:03 AM
128 F 40-44,2:10:04 AM
92 M 50-54,2:10:05 AM
235 F 25-29,2:10:06 AM
217 F 30-34,2:10:07 AM
147 F 20-24,2:10:07 AM
130 M 45-49,2:10:08 AM
218 F 30-34,2:10:08 AM
129 F 40-44,2:10:11 AM
171 M 40-44,2:10:11 AM
231 F 35-39,2:10:11 AM
216 M 35-39,2:10:11 AM
232 F 35-39,2:10:12 AM
63 F 50-54,2:10:13 AM
197 M 30-34,2:10:13 AM
219 F 30-34,2:10:15 AM
236 F 25-29,2:10:15 AM
233 F 35-39,2:10:15 AM
237 F 25-29,2:10:16 AM
198 M 30-34,2:10:16 AM
148 F 20-24,2:10:17 AM
130 F 40-44,2:10:17 AM
220 F 30-34,2:10:19 AM
217 M 35-39,2:10:19 AM
86 F 45-49,2:10:20 AM
131 F 40-44,2:10:20 AM
131 M 45-49,2:10:22 AM
238 F 25-29,2:10:23 AM
199 M 30-34,2:10:23 AM
47 M 55-59,2:10:23 AM
154 M 25-29,2:10:24 AM
132 M 45-49,2:10:24 AM
155 M 25-29,2:10:24 AM
87 F 45-49,2:10:25 AM
239 F 25-29,2:10:28 AM
93 M 50-54,2:10:29 AM
94 M 50-54,2:10:29 AM
234 F 35-39,2:10:30 AM
221 F 30-34,2:10:30 AM
200 M 30-34,2:10:30 AM
149 F 20-24,2:10:31 AM
240 F 25-29,2:10:31 AM
235 F 35-39,2:10:31 AM
236 F 35-39,2:10:31 AM
88 F 45-49,2:10:32 AM
222 F 30-34,2:10:32 AM
83 M 20-24,2:10:32 AM
132 F 40-44,2:10:33 AM
133 F 40-44,2:10:34 AM
150 F 20-24,2:10:34 AM
89 F 45-49,2:10:34 AM
237 F 35-39,2:10:35 AM
172 M 40-44,2:10:36 AM
223 F 30-34,2:10:36 AM
48 M 55-59,2:10:36 AM
201 M 30-34,2:10:37 AM
238 F 35-39,2:10:38 AM
241 F 25-29,2:10:38 AM
224 F 30-34,2:10:39 AM
64 F 50-54,2:10:43 AM
202 M 30-34,2:10:43 AM
134 F 40-44,2:10:44 AM
133 M 45-49,2:10:44 AM
151 F 20-24,2:10:44 AM
34 F 15-19,2:10:45 AM
225 F 30-34,2:10:46 AM
239 F 35-39,2:10:47 AM
203 M 30-34,2:10:47 AM
30 M 60-64,2:10:48 AM
134 M 45-49,2:10:48 AM
49 M 55-59,2:10:48 AM
50 M 55-59,2:10:49 AM
135 F 40-44,2:10:49 AM
136 F 40-44,2:10:49 AM
95 M 50-54,2:10:49 AM
240 F 35-39,2:10:50 AM
96 M 50-54,2:10:50 AM
135 M 45-49,2:10:50 AM
152 F 20-24,2:10:53 AM
156 M 25-29,2:10:54 AM
136 M 45-49,2:10:55 AM
157 M 25-29,2:10:55 AM
226 F 30-34,2:10:57 AM
204 M 30-34,2:10:59 AM
173 M 40-44,2:10:59 AM
227 F 30-34,2:10:59 AM
153 F 20-24,2:10:59 AM
65 F 50-54,2:11:00 AM
137 F 40-44,2:11:00 AM
218 M 35-39,2:11:02 AM
84 M 20-24,2:11:02 AM
90 F 45-49,2:11:02 AM
228 F 30-34,2:11:02 AM
154 F 20-24,2:11:02 AM
138 F 40-44,2:11:03 AM
137 M 45-49,2:11:03 AM
242 F 25-29,2:11:03 AM
97 M 50-54,2:11:04 AM
229 F 30-34,2:11:05 AM
230 F 30-34,2:11:05 AM
205 M 30-34,2:11:06 AM
139 F 40-44,2:11:07 AM
140 F 40-44,2:11:08 AM
243 F 25-29,2:11:11 AM
155 F 20-24,2:11:14 AM
241 F 35-39,2:11:18 AM
231 F 30-34,2:11:18 AM
242 F 35-39,2:11:22 AM
232 F 30-34,2:11:22 AM
156 F 20-24,2:11:25 AM
141 F 40-44,2:11:27 AM
233 F 30-34,2:11:27 AM
138 M 45-49,2:11:27 AM
234 F 30-34,2:11:29 AM
244 F 25-29,2:11:30 AM
157 F 20-24,2:11:30 AM
245 F 25-29,2:11:33 AM
51 M 55-59,2:11:34 AM
243 F 35-39,2:11:34 AM
235 F 30-34,2:11:34 AM
35 F 15-19,2:11:34 AM
246 F 25-29,2:11:34 AM
158 F 20-24,2:11:35 AM
158 M 25-29,2:11:37 AM
244 F 35-39,2:11:38 AM
31 M 60-64,2:11:38 AM
219 M 35-39,2:11:40 AM
142 F 40-44,2:11:41 AM
247 F 25-29,2:11:41 AM
174 M 40-44,2:11:41 AM
236 F 30-34,2:11:41 AM
248 F 25-29,2:11:41 AM
143 F 40-44,2:11:41 AM
249 F 25-29,2:11:42 AM
245 F 35-39,2:11:45 AM
250 F 25-29,2:11:46 AM
159 M 25-29,2:11:46 AM
91 F 45-49,2:11:46 AM
160 M 25-29,2:11:47 AM
246 F 35-39,2:11:48 AM
144 F 40-44,2:11:48 AM
251 F 25-29,2:11:50 AM
92 F 45-49,2:11:51 AM
252 F 25-29,2:11:52 AM
247 F 35-39,2:11:53 AM
220 M 35-39,2:11:54 AM
248 F 35-39,2:11:54 AM
93 F 45-49,2:11:54 AM
145 F 40-44,2:11:57 AM
146 F 40-44,2:11:58 AM
221 M 35-39,2:11:58 AM
249 F 35-39,2:12:00 AM
237 F 30-34,2:12:00 AM
175 M 40-44,2:12:01 AM
159 F 20-24,2:12:01 AM
139 M 45-49,2:12:01 AM
238 F 30-34,2:12:02 AM
98 M 50-54,2:12:03 AM
222 M 35-39,2:12:03 AM
239 F 30-34,2:12:04 AM
52 M 55-59,2:12:04 AM
99 M 50-54,2:12:04 AM
223 M 35-39,2:12:04 AM
94 F 45-49,2:12:05 AM
240 F 30-34,2:12:05 AM
241 F 30-34,2:12:05 AM
253 F 25-29,2:12:07 AM
242 F 30-34,2:12:08 AM
254 F 25-29,2:12:08 AM
140 M 45-49,2:12:09 AM
255 F 25-29,2:12:10 AM
176 M 40-44,2:12:10 AM
66 F 50-54,2:12:11 AM
243 F 30-34,2:12:11 AM
250 F 35-39,2:12:13 AM
95 F 45-49,2:12:14 AM
256 F 25-29,2:12:15 AM
147 F 40-44,2:12:15 AM
148 F 40-44,2:12:15 AM
257 F 25-29,2:12:15 AM
160 F 20-24,2:12:15 AM
67 F 50-54,2:12:16 AM
53 M 55-59,2:12:17 AM
149 F 40-44,2:12:18 AM
258 F 25-29,2:12:19 AM
259 F 25-29,2:12:20 AM
96 F 45-49,2:12:20 AM
260 F 25-29,2:12:22 AM
251 F 35-39,2:12:22 AM
9 F 60-64,2:12:23 AM
150 F 40-44,2:12:23 AM
244 F 30-34,2:12:23 AM
32 M 60-64,2:12:24 AM
97 F 45-49,2:12:27 AM
98 F 45-49,2:12:29 AM
161 F 20-24,2:12:29 AM
151 F 40-44,2:12:29 AM
252 F 35-39,2:12:30 AM
68 F 50-54,2:12:31 AM
245 F 30-34,2:12:33 AM
162 F 20-24,2:12:33 AM
253 F 35-39,2:12:34 AM
261 F 25-29,2:12:34 AM
254 F 35-39,2:12:34 AM
255 F 35-39,2:12:35 AM
246 F 30-34,2:12:35 AM
256 F 35-39,2:12:35 AM
163 F 20-24,2:12:36 AM
152 F 40-44,2:12:38 AM
247 F 30-34,2:12:38 AM
153 F 40-44,2:12:38 AM
154 F 40-44,2:12:39 AM
10 M 65-69,2:12:40 AM
10 F 60-64,2:12:41 AM
164 F 20-24,2:12:42 AM
165 F 20-24,2:12:42 AM
166 F 20-24,2:12:42 AM
167 F 20-24,2:12:43 AM
257 F 35-39,2:12:45 AM
248 F 30-34,2:12:45 AM
177 M 40-44,2:12:48 AM
168 F 20-24,2:12:49 AM
178 M 40-44,2:12:49 AM
155 F 40-44,2:12:50 AM
179 M 40-44,2:12:50 AM
249 F 30-34,2:12:50 AM
250 F 30-34,2:12:52 AM
262 F 25-29,2:12:52 AM
263 F 25-29,2:12:52 AM
69 F 50-54,2:12:52 AM
206 M 30-34,2:12:52 AM
207 M 30-34,2:12:55 AM
70 F 50-54,2:12:55 AM
258 F 35-39,2:12:55 AM
71 F 50-54,2:12:56 AM
264 F 25-29,2:12:56 AM
208 M 30-34,2:12:56 AM
265 F 25-29,2:12:57 AM
224 M 35-39,2:12:58 AM
141 M 45-49,2:12:59 AM
156 F 40-44,2:13:01 AM
259 F 35-39,2:13:01 AM
251 F 30-34,2:13:03 AM
252 F 30-34,2:13:03 AM
99 F 45-49,2:13:03 AM
24 F 55-59,2:13:06 AM
72 F 50-54,2:13:07 AM
253 F 30-34,2:13:07 AM
266 F 25-29,2:13:09 AM
267 F 25-29,2:13:10 AM
209 M 30-34,2:13:11 AM
100 M 50-54,2:13:11 AM
157 F 40-44,2:13:12 AM
254 F 30-34,2:13:13 AM
161 M 25-29,2:13:14 AM
11 F 60-64,2:13:15 AM
162 M 25-29,2:13:15 AM
260 F 35-39,2:13:15 AM
100 F 45-49,2:13:16 AM
268 F 25-29,2:13:16 AM
169 F 20-24,2:13:16 AM
158 F 40-44,2:13:16 AM
159 F 40-44,2:13:16 AM
142 M 45-49,2:13:17 AM
12 F 60-64,2:13:18 AM
101 M 50-54,2:13:19 AM
261 F 35-39,2:13:21 AM
163 M 25-29,2:13:26 AM
255 F 30-34,2:13:27 AM
262 F 35-39,2:13:27 AM
143 M 45-49,2:13:28 AM
256 F 30-34,2:13:29 AM
225 M 35-39,2:13:30 AM
25 F 55-59,2:13:31 AM
160 F 40-44,2:13:33 AM
263 F 35-39,2:13:34 AM
257 F 30-34,2:13:34 AM
101 F 45-49,2:13:36 AM
161 F 40-44,2:13:37 AM
264 F 35-39,2:13:37 AM
102 F 45-49,2:13:38 AM
162 F 40-44,2:13:38 AM
163 F 40-44,2:13:38 AM
102 M 50-54,2:13:42 AM
103 F 45-49,2:13:43 AM
164 F 40-44,2:13:43 AM
165 F 40-44,2:13:43 AM
265 F 35-39,2:13:46 AM
166 F 40-44,2:13:49 AM
258 F 30-34,2:13:50 AM
266 F 35-39,2:13:51 AM
259 F 30-34,2:13:52 AM
36 F 15-19,2:13:53 AM
103 M 50-54,2:13:53 AM
269 F 25-29,2:13:54 AM
270 F 25-29,2:13:54 AM
260 F 30-34,2:13:54 AM
267 F 35-39,2:13:54 AM
73 F 50-54,2:13:55 AM
268 F 35-39,2:13:55 AM
210 M 30-34,2:13:56 AM
144 M 45-49,2:13:57 AM
269 F 35-39,2:13:57 AM
164 M 25-29,2:13:59 AM
270 F 35-39,2:14:00 AM
145 M 45-49,2:14:00 AM
54 M 55-59,2:14:01 AM
180 M 40-44,2:14:01 AM
271 F 25-29,2:14:02 AM
170 F 20-24,2:14:03 AM
272 F 25-29,2:14:04 AM
5 M 70-74,2:14:04 AM
273 F 25-29,2:14:04 AM
181 M 40-44,2:14:04 AM
274 F 25-29,2:14:05 AM
171 F 20-24,2:14:06 AM
271 F 35-39,2:14:09 AM
172 F 20-24,2:14:10 AM
275 F 25-29,2:14:11 AM
226 M 35-39,2:14:11 AM
272 F 35-39,2:14:15 AM
173 F 20-24,2:14:15 AM
74 F 50-54,2:14:16 AM
227 M 35-39,2:14:17 AM
228 M 35-39,2:14:18 AM
165 M 25-29,2:14:20 AM
211 M 30-34,2:14:20 AM
55 M 55-59,2:14:22 AM
276 F 25-29,2:14:24 AM
277 F 25-29,2:14:24 AM
261 F 30-34,2:14:26 AM
104 F 45-49,2:14:27 AM
105 F 45-49,2:14:27 AM
167 F 40-44,2:14:27 AM
166 M 25-29,2:14:27 AM
106 F 45-49,2:14:28 AM
107 F 45-49,2:14:28 AM
168 F 40-44,2:14:28 AM
37 F 15-19,2:14:28 AM
273 F 35-39,2:14:28 AM
182 M 40-44,2:14:29 AM
174 F 20-24,2:14:31 AM
262 F 30-34,2:14:32 AM
278 F 25-29,2:14:32 AM
263 F 30-34,2:14:33 AM
38 F 15-19,2:14:33 AM
175 F 20-24,2:14:34 AM
279 F 25-29,2:14:34 AM
169 F 40-44,2:14:34 AM
229 M 35-39,2:14:34 AM
280 F 25-29,2:14:34 AM
108 F 45-49,2:14:34 AM
183 M 40-44,2:14:35 AM
75 F 50-54,2:14:35 AM
281 F 25-29,2:14:36 AM
282 F 25-29,2:14:36 AM
230 M 35-39,2:14:38 AM
109 F 45-49,2:14:39 AM
231 M 35-39,2:14:41 AM
232 M 35-39,2:14:41 AM
176 F 20-24,2:14:42 AM
283 F 25-29,2:14:45 AM
110 F 45-49,2:14:47 AM
170 F 40-44,2:14:47 AM
146 M 45-49,2:14:47 AM
167 M 25-29,2:14:48 AM
274 F 35-39,2:14:49 AM
,2:14:50 AM
177 F 20-24,2:14:52 AM
111 F 45-49,2:14:52 AM
171 F 40-44,2:14:52 AM
275 F 35-39,2:14:53 AM
172 F 40-44,2:14:55 AM
264 F 30-34,2:14:57 AM
76 F 50-54,2:14:57 AM
276 F 35-39,2:14:59 AM
104 M 50-54,2:15:00 AM
26 F 55-59,2:15:00 AM
277 F 35-39,2:15:02 AM
27 F 55-59,2:15:02 AM
105 M 50-54,2:15:06 AM
77 F 50-54,2:15:06 AM
265 F 30-34,2:15:07 AM
112 F 45-49,2:15:07 AM
178 F 20-24,2:15:07 AM
173 F 40-44,2:15:09 AM
266 F 30-34,2:15:09 AM
85 M 20-24,2:15:10 AM
78 F 50-54,2:15:11 AM
174 F 40-44,2:15:11 AM
175 F 40-44,2:15:12 AM
278 F 35-39,2:15:12 AM
176 F 40-44,2:15:13 AM
279 F 35-39,2:15:13 AM
28 F 55-59,2:15:13 AM
280 F 35-39,2:15:16 AM
184 M 40-44,2:15:16 AM
113 F 45-49,2:15:17 AM
177 F 40-44,2:15:17 AM
,2:15:17 AM
267 F 30-34,2:15:20 AM
281 F 35-39,2:15:20 AM
284 F 25-29,2:15:21 AM
285 F 25-29,2:15:21 AM
185 M 40-44,2:15:22 AM
282 F 35-39,2:15:24 AM
233 M 35-39,2:15:24 AM
106 M 50-54,2:15:24 AM
234 M 35-39,2:15:26 AM
79 F 50-54,2:15:26 AM
107 M 50-54,2:15:27 AM
286 F 25-29,2:15:29 AM
114 F 45-49,2:15:32 AM
268 F 30-34,2:15:33 AM
283 F 35-39,2:15:33 AM
284 F 35-39,2:15:34 AM
287 F 25-29,2:15:35 AM
269 F 30-34,2:15:35 AM
56 M 55-59,2:15:37 AM
285 F 35-39,2:15:39 AM
288 F 25-29,2:15:42 AM
270 F 30-34,2:15:44 AM
286 F 35-39,2:15:45 AM
57 M 55-59,2:15:47 AM
289 F 25-29,2:15:48 AM
290 F 25-29,2:15:49 AM
291 F 25-29,2:15:50 AM
168 M 25-29,2:15:51 AM
235 M 35-39,2:15:52 AM
147 M 45-49,2:15:53 AM
179 F 20-24,2:15:54 AM
108 M 50-54,2:15:55 AM
178 F 40-44,2:15:55 AM
180 F 20-24,2:15:55 AM
179 F 40-44,2:15:56 AM
80 F 50-54,2:15:57 AM
181 F 20-24,2:15:57 AM
287 F 35-39,2:15:57 AM
288 F 35-39,2:15:58 AM
86 M 20-24,2:15:58 AM
11 M 65-69,2:16:00 AM
271 F 30-34,2:16:00 AM
180 F 40-44,2:16:00 AM
115 F 45-49,2:16:00 AM
289 F 35-39,2:16:00 AM
148 M 45-49,2:16:01 AM
186 M 40-44,2:16:03 AM
116 F 45-49,2:16:05 AM
169 M 25-29,2:16:06 AM
170 M 25-29,2:16:06 AM
290 F 35-39,2:16:07 AM
149 M 45-49,2:16:07 AM
6 M 70-74,2:16:09 AM
181 F 40-44,2:16:10 AM
212 M 30-34,2:16:15 AM
213 M 30-34,2:16:16 AM
214 M 30-34,2:16:17 AM
272 F 30-34,2:16:17 AM
171 M 25-29,2:16:17 AM
215 M 30-34,2:16:23 AM
81 F 50-54,2:16:24 AM
29 F 55-59,2:16:25 AM
182 F 20-24,2:16:25 AM
291 F 35-39,2:16:25 AM
273 F 30-34,2:16:26 AM
117 F 45-49,2:16:27 AM
118 F 45-49,2:16:27 AM
182 F 40-44,2:16:27 AM
292 F 25-29,2:16:28 AM
183 F 20-24,2:16:34 AM
184 F 20-24,2:16:34 AM
293 F 25-29,2:16:35 AM
119 F 45-49,2:16:35 AM
150 M 45-49,2:16:35 AM
274 F 30-34,2:16:36 AM
292 F 35-39,2:16:36 AM
294 F 25-29,2:16:36 AM
185 F 20-24,2:16:36 AM
120 F 45-49,2:16:37 AM
151 M 45-49,2:16:37 AM
295 F 25-29,2:16:39 AM
293 F 35-39,2:16:42 AM
152 M 45-49,2:16:42 AM
153 M 45-49,2:16:42 AM
39 F 15-19,2:16:45 AM
121 F 45-49,2:16:45 AM
122 F 45-49,2:16:46 AM
294 F 35-39,2:16:46 AM
275 F 30-34,2:16:46 AM
276 F 30-34,2:16:47 AM
58 M 55-59,2:16:47 AM
123 F 45-49,2:16:48 AM
295 F 35-39,2:16:48 AM
277 F 30-34,2:16:50 AM
59 M 55-59,2:16:51 AM
154 M 45-49,2:16:51 AM
183 F 40-44,2:16:52 AM
186 F 20-24,2:16:52 AM
296 F 25-29,2:16:52 AM
297 F 25-29,2:16:54 AM
172 M 25-29,2:16:56 AM
298 F 25-29,2:16:57 AM
124 F 45-49,2:16:57 AM
236 M 35-39,2:16:57 AM
299 F 25-29,2:16:58 AM
87 M 20-24,2:16:58 AM
173 M 25-29,2:16:58 AM
216 M 30-34,2:16:59 AM
174 M 25-29,2:16:59 AM
125 F 45-49,2:17:00 AM
184 F 40-44,2:17:01 AM
126 F 45-49,2:17:04 AM
296 F 35-39,2:17:04 AM
185 F 40-44,2:17:04 AM
187 F 20-24,2:17:07 AM
217 M 30-34,2:17:07 AM
127 F 45-49,2:17:07 AM
218 M 30-34,2:17:09 AM
128 F 45-49,2:17:10 AM
297 F 35-39,2:17:11 AM
278 F 30-34,2:17:13 AM
188 F 20-24,2:17:13 AM
13 F 60-64,2:17:15 AM
175 M 25-29,2:17:16 AM
82 F 50-54,2:17:16 AM
14 F 60-64,2:17:16 AM
298 F 35-39,2:17:17 AM
186 F 40-44,2:17:17 AM
189 F 20-24,2:17:17 AM
299 F 35-39,2:17:17 AM
83 F 50-54,2:17:18 AM
300 F 25-29,2:17:22 AM
187 F 40-44,2:17:24 AM
84 F 50-54,2:17:25 AM
300 F 35-39,2:17:26 AM
40 F 15-19,2:17:26 AM
155 M 45-49,2:17:26 AM
237 M 35-39,2:17:27 AM
187 M 40-44,2:17:28 AM
30 F 55-59,2:17:33 AM
238 M 35-39,2:17:33 AM
188 F 40-44,2:17:34 AM
301 F 35-39,2:17:34 AM
156 M 45-49,2:17:35 AM
109 M 50-54,2:17:35 AM
302 F 35-39,2:17:37 AM
1 M 75-79,2:17:37 AM
88 M 20-24,2:17:38 AM
301 F 25-29,2:17:39 AM
176 M 25-29,2:17:39 AM
239 M 35-39,2:17:42 AM
303 F 35-39,2:17:43 AM
157 M 45-49,2:17:45 AM
158 M 45-49,2:17:47 AM
190 F 20-24,2:17:48 AM
302 F 25-29,2:17:49 AM
240 M 35-39,2:17:51 AM
31 F 55-59,2:17:53 AM
191 F 20-24,2:17:53 AM
192 F 20-24,2:17:53 AM
304 F 35-39,2:17:53 AM
159 M 45-49,2:17:53 AM
189 F 40-44,2:17:55 AM
188 M 40-44,2:17:55 AM
190 F 40-44,2:17:58 AM
189 M 40-44,2:17:58 AM
190 M 40-44,2:17:59 AM
129 F 45-49,2:17:59 AM
4 F 1-14,2:18:00 AM
279 F 30-34,2:18:00 AM
41 F 15-19,2:18:00 AM
191 F 40-44,2:18:05 AM
241 M 35-39,2:18:05 AM
32 F 55-59,2:18:06 AM
305 F 35-39,2:18:06 AM
130 F 45-49,2:18:06 AM
85 F 50-54,2:18:07 AM
303 F 25-29,2:18:07 AM
193 F 20-24,2:18:12 AM
306 F 35-39,2:18:13 AM
242 M 35-39,2:18:15 AM
304 F 25-29,2:18:16 AM
12 M 65-69,2:18:16 AM
307 F 35-39,2:18:19 AM
177 M 25-29,2:18:22 AM
219 M 30-34,2:18:27 AM
42 F 15-19,2:18:29 AM
280 F 30-34,2:18:30 AM
86 F 50-54,2:18:30 AM
305 F 25-29,2:18:30 AM
33 F 55-59,2:18:32 AM
281 F 30-34,2:18:33 AM
306 F 25-29,2:18:33 AM
220 M 30-34,2:18:36 AM
221 M 30-34,2:18:36 AM
194 F 20-24,2:18:36 AM
131 F 45-49,2:18:36 AM
110 M 50-54,2:18:36 AM
282 F 30-34,2:18:38 AM
192 F 40-44,2:18:38 AM
308 F 35-39,2:18:38 AM
34 F 55-59,2:18:39 AM
243 M 35-39,2:18:40 AM
307 F 25-29,2:18:40 AM
308 F 25-29,2:18:43 AM
178 M 25-29,2:18:43 AM
309 F 25-29,2:18:44 AM
132 F 45-49,2:18:45 AM
309 F 35-39,2:18:46 AM
283 F 30-34,2:18:46 AM
111 M 50-54,2:18:46 AM
310 F 35-39,2:18:47 AM
310 F 25-29,2:18:47 AM
160 M 45-49,2:18:48 AM
133 F 45-49,2:18:49 AM
311 F 35-39,2:18:52 AM
112 M 50-54,2:18:52 AM
312 F 35-39,2:18:53 AM
311 F 25-29,2:18:55 AM
312 F 25-29,2:18:55 AM
313 F 35-39,2:18:55 AM
284 F 30-34,2:18:56 AM
60 M 55-59,2:18:58 AM
285 F 30-34,2:18:59 AM
193 F 40-44,2:18:59 AM
113 M 50-54,2:18:59 AM
179 M 25-29,2:19:03 AM
313 F 25-29,2:19:03 AM
33 M 60-64,2:19:04 AM
286 F 30-34,2:19:05 AM
314 F 35-39,2:19:06 AM
315 F 35-39,2:19:07 AM
34 M 60-64,2:19:08 AM
194 F 40-44,2:19:08 AM
180 M 25-29,2:19:09 AM
195 F 40-44,2:19:10 AM
195 F 20-24,2:19:12 AM
287 F 30-34,2:19:12 AM
288 F 30-34,2:19:12 AM
196 F 20-24,2:19:14 AM
87 F 50-54,2:19:15 AM
222 M 30-34,2:19:16 AM
289 F 30-34,2:19:17 AM
196 F 40-44,2:19:21 AM
316 F 35-39,2:19:23 AM
161 M 45-49,2:19:24 AM
197 F 40-44,2:19:24 AM
244 M 35-39,2:19:25 AM
290 F 30-34,2:19:26 AM
13 M 65-69,2:19:26 AM
61 M 55-59,2:19:26 AM
35 M 60-64,2:19:26 AM
88 F 50-54,2:19:27 AM
314 F 25-29,2:19:29 AM
191 M 40-44,2:19:31 AM
291 F 30-34,2:19:32 AM
62 M 55-59,2:19:33 AM
245 M 35-39,2:19:33 AM
134 F 45-49,2:19:35 AM
192 M 40-44,2:19:36 AM
135 F 45-49,2:19:43 AM
197 F 20-24,2:19:43 AM
315 F 25-29,2:19:43 AM
292 F 30-34,2:19:50 AM
316 F 25-29,2:19:53 AM
198 F 20-24,2:19:54 AM
317 F 35-39,2:19:56 AM
181 M 25-29,2:19:57 AM
198 F 40-44,2:19:59 AM
293 F 30-34,2:20:03 AM
199 F 40-44,2:20:08 AM
199 F 20-24,2:20:09 AM
223 M 30-34,2:20:10 AM
114 M 50-54,2:20:11 AM
317 F 25-29,2:20:11 AM
200 F 20-24,2:20:14 AM
201 F 20-24,2:20:15 AM
200 F 40-44,2:20:16 AM
89 M 20-24,2:20:17 AM
,2:20:18 AM
318 F 35-39,2:20:18 AM
201 F 40-44,2:20:18 AM
63 M 55-59,2:20:19 AM
202 F 20-24,2:20:19 AM
294 F 30-34,2:20:21 AM
319 F 35-39,2:20:23 AM
224 M 30-34,2:20:25 AM
203 F 20-24,2:20:26 AM
202 F 40-44,2:20:30 AM
89 F 50-54,2:20:30 AM
,2:20:31 AM
225 M 30-34,2:20:34 AM
15 F 60-64,2:20:35 AM
203 F 40-44,2:20:36 AM
320 F 35-39,2:20:37 AM
193 M 40-44,2:20:37 AM
115 M 50-54,2:20:39 AM
1 F 70-74,2:20:39 AM
204 F 40-44,2:20:42 AM
36 M 60-64,2:20:43 AM
295 F 30-34,2:20:43 AM
205 F 40-44,2:20:43 AM
206 F 40-44,2:20:43 AM
116 M 50-54,2:20:46 AM
321 F 35-39,2:20:47 AM
35 F 55-59,2:20:47 AM
296 F 30-34,2:20:48 AM
136 F 45-49,2:20:50 AM
90 F 50-54,2:20:51 AM
322 F 35-39,2:20:54 AM
64 M 55-59,2:20:55 AM
323 F 35-39,2:20:55 AM
36 F 55-59,2:20:56 AM
207 F 40-44,2:20:57 AM
194 M 40-44,2:20:58 AM
318 F 25-29,2:20:58 AM
204 F 20-24,2:20:59 AM
117 M 50-54,2:21:00 AM
319 F 25-29,2:21:00 AM
37 F 55-59,2:21:03 AM
118 M 50-54,2:21:04 AM
137 F 45-49,2:21:07 AM
324 F 35-39,2:21:14 AM
205 F 20-24,2:21:15 AM
162 M 45-49,2:21:15 AM
226 M 30-34,2:21:16 AM
320 F 25-29,2:21:18 AM
182 M 25-29,2:21:20 AM
297 F 30-34,2:21:20 AM
321 F 25-29,2:21:24 AM
298 F 30-34,2:21:25 AM
227 M 30-34,2:21:25 AM
208 F 40-44,2:21:25 AM
138 F 45-49,2:21:26 AM
195 M 40-44,2:21:30 AM
196 M 40-44,2:21:30 AM
228 M 30-34,2:21:31 AM
38 F 55-59,2:21:33 AM
39 F 55-59,2:21:33 AM
325 F 35-39,2:21:34 AM
139 F 45-49,2:21:37 AM
322 F 25-29,2:21:38 AM
140 F 45-49,2:21:39 AM
326 F 35-39,2:21:41 AM
327 F 35-39,2:21:42 AM
323 F 25-29,2:21:42 AM
141 F 45-49,2:21:45 AM
229 M 30-34,2:21:46 AM
328 F 35-39,2:21:47 AM
329 F 35-39,2:21:47 AM
324 F 25-29,2:21:49 AM
330 F 35-39,2:21:50 AM
331 F 35-39,2:21:50 AM
299 F 30-34,2:21:52 AM
325 F 25-29,2:21:54 AM
209 F 40-44,2:21:55 AM
300 F 30-34,2:21:56 AM
90 M 20-24,2:21:56 AM
1 F 65-69,2:21:57 AM
301 F 30-34,2:21:58 AM
302 F 30-34,2:21:59 AM
332 F 35-39,2:21:59 AM
230 M 30-34,2:22:00 AM
333 F 35-39,2:22:01 AM
326 F 25-29,2:22:02 AM
327 F 25-29,2:22:04 AM
303 F 30-34,2:22:07 AM
197 M 40-44,2:22:07 AM
304 F 30-34,2:22:07 AM
91 F 50-54,2:22:11 AM
210 F 40-44,2:22:12 AM
305 F 30-34,2:22:12 AM
142 F 45-49,2:22:15 AM
328 F 25-29,2:22:17 AM
143 F 45-49,2:22:21 AM
334 F 35-39,2:22:21 AM
335 F 35-39,2:22:22 AM
306 F 30-34,2:22:22 AM
329 F 25-29,2:22:22 AM
119 M 50-54,2:22:25 AM
307 F 30-34,2:22:26 AM
330 F 25-29,2:22:26 AM
231 M 30-34,2:22:26 AM
120 M 50-54,2:22:27 AM
144 F 45-49,2:22:30 AM
206 F 20-24,2:22:33 AM
336 F 35-39,2:22:33 AM
163 M 45-49,2:22:34 AM
211 F 40-44,2:22:35 AM
145 F 45-49,2:22:36 AM
183 M 25-29,2:22:36 AM
308 F 30-34,2:22:38 AM
146 F 45-49,2:22:39 AM
212 F 40-44,2:22:39 AM
213 F 40-44,2:22:39 AM
232 M 30-34,2:22:41 AM
309 F 30-34,2:22:41 AM
214 F 40-44,2:22:43 AM
215 F 40-44,2:22:43 AM
310 F 30-34,2:22:43 AM
43 F 15-19,2:22:45 AM
147 F 45-49,2:22:45 AM
337 F 35-39,2:22:45 AM
216 F 40-44,2:22:46 AM
198 M 40-44,2:22:48 AM
14 M 65-69,2:22:51 AM
217 F 40-44,2:22:51 AM
311 F 30-34,2:22:51 AM
331 F 25-29,2:22:54 AM
338 F 35-39,2:22:56 AM
332 F 25-29,2:22:56 AM
199 M 40-44,2:22:58 AM
339 F 35-39,2:22:58 AM
121 M 50-54,2:22:58 AM
65 M 55-59,2:23:02 AM
333 F 25-29,2:23:03 AM
233 M 30-34,2:23:05 AM
218 F 40-44,2:23:05 AM
92 F 50-54,2:23:07 AM
340 F 35-39,2:23:07 AM
219 F 40-44,2:23:07 AM
148 F 45-49,2:23:08 AM
40 F 55-59,2:23:08 AM
334 F 25-29,2:23:08 AM
,2:23:10 AM
220 F 40-44,2:23:10 AM
312 F 30-34,2:23:11 AM
313 F 30-34,2:23:11 AM
335 F 25-29,2:23:12 AM
164 M 45-49,2:23:13 AM
221 F 40-44,2:23:13 AM
165 M 45-49,2:23:13 AM
41 F 55-59,2:23:13 AM
184 M 25-29,2:23:15 AM
222 F 40-44,2:23:16 AM
223 F 40-44,2:23:17 AM
336 F 25-29,2:23:18 AM
246 M 35-39,2:23:21 AM
337 F 25-29,2:23:22 AM
224 F 40-44,2:23:24 AM
225 F 40-44,2:23:24 AM
314 F 30-34,2:23:24 AM
315 F 30-34,2:23:24 AM
93 F 50-54,2:23:25 AM
316 F 30-34,2:23:31 AM
338 F 25-29,2:23:31 AM
317 F 30-34,2:23:35 AM
166 M 45-49,2:23:35 AM
234 M 30-34,2:23:38 AM
149 F 45-49,2:23:39 AM
200 M 40-44,2:23:39 AM
341 F 35-39,2:23:39 AM
150 F 45-49,2:23:39 AM
318 F 30-34,2:23:40 AM
201 M 40-44,2:23:43 AM
342 F 35-39,2:23:44 AM
226 F 40-44,2:23:44 AM
42 F 55-59,2:23:45 AM
227 F 40-44,2:23:48 AM
43 F 55-59,2:23:49 AM
339 F 25-29,2:23:50 AM
66 M 55-59,2:23:52 AM
343 F 35-39,2:23:53 AM
319 F 30-34,2:23:53 AM
37 M 60-64,2:23:54 AM
247 M 35-39,2:24:00 AM
320 F 30-34,2:24:00 AM
151 F 45-49,2:24:01 AM
44 F 55-59,2:24:01 AM
94 F 50-54,2:24:01 AM
152 F 45-49,2:24:02 AM
153 F 45-49,2:24:03 AM
38 M 60-64,2:24:04 AM
,2:24:07 AM
122 M 50-54,2:24:13 AM
344 F 35-39,2:24:16 AM
4 M 1-14,2:24:18 AM
45 F 55-59,2:24:19 AM
345 F 35-39,2:24:21 AM
95 F 50-54,2:24:22 AM
228 F 40-44,2:24:26 AM
321 F 30-34,2:24:26 AM
322 F 30-34,2:24:26 AM
154 F 45-49,2:24:26 AM
207 F 20-24,2:24:26 AM
185 M 25-29,2:24:31 AM
340 F 25-29,2:24:32 AM
341 F 25-29,2:24:32 AM
323 F 30-34,2:24:33 AM
67 M 55-59,2:24:34 AM
248 M 35-39,2:24:35 AM
96 F 50-54,2:24:40 AM
91 M 20-24,2:24:41 AM
8 M 15-19,2:24:41 AM
208 F 20-24,2:24:42 AM
342 F 25-29,2:24:42 AM
92 M 20-24,2:24:43 AM
209 F 20-24,2:24:45 AM
346 F 35-39,2:24:47 AM
324 F 30-34,2:24:48 AM
229 F 40-44,2:24:48 AM
235 M 30-34,2:24:49 AM
343 F 25-29,2:24:49 AM
68 M 55-59,2:24:49 AM
155 F 45-49,2:24:49 AM
325 F 30-34,2:24:50 AM
344 F 25-29,2:24:50 AM
39 M 60-64,2:24:50 AM
326 F 30-34,2:24:51 AM
93 M 20-24,2:24:52 AM
347 F 35-39,2:24:53 AM
327 F 30-34,2:24:54 AM
210 F 20-24,2:24:54 AM
348 F 35-39,2:24:55 AM
211 F 20-24,2:25:01 AM
345 F 25-29,2:25:02 AM
346 F 25-29,2:25:03 AM
249 M 35-39,2:25:04 AM
349 F 35-39,2:25:07 AM
350 F 35-39,2:25:07 AM
347 F 25-29,2:25:10 AM
348 F 25-29,2:25:10 AM
123 M 50-54,2:25:10 AM
230 F 40-44,2:25:11 AM
156 F 45-49,2:25:16 AM
351 F 35-39,2:25:20 AM
157 F 45-49,2:25:20 AM
167 M 45-49,2:25:21 AM
352 F 35-39,2:25:22 AM
15 M 65-69,2:25:22 AM
349 F 25-29,2:25:23 AM
44 F 15-19,2:25:25 AM
328 F 30-34,2:25:26 AM
231 F 40-44,2:25:26 AM
168 M 45-49,2:25:26 AM
353 F 35-39,2:25:26 AM
329 F 30-34,2:25:27 AM
354 F 35-39,2:25:27 AM
46 F 55-59,2:25:27 AM
232 F 40-44,2:25:27 AM
350 F 25-29,2:25:28 AM
355 F 35-39,2:25:28 AM
158 F 45-49,2:25:30 AM
330 F 30-34,2:25:31 AM
356 F 35-39,2:25:31 AM
357 F 35-39,2:25:32 AM
331 F 30-34,2:25:34 AM
159 F 45-49,2:25:35 AM
332 F 30-34,2:25:36 AM
186 M 25-29,2:25:39 AM
202 M 40-44,2:25:41 AM
160 F 45-49,2:25:42 AM
236 M 30-34,2:25:43 AM
212 F 20-24,2:25:43 AM
358 F 35-39,2:25:47 AM
233 F 40-44,2:25:47 AM
359 F 35-39,2:25:47 AM
161 F 45-49,2:25:47 AM
250 M 35-39,2:25:49 AM
234 F 40-44,2:25:49 AM
162 F 45-49,2:25:56 AM
360 F 35-39,2:25:57 AM
333 F 30-34,2:25:58 AM
351 F 25-29,2:26:00 AM
352 F 25-29,2:26:00 AM
353 F 25-29,2:26:01 AM
235 F 40-44,2:26:10 AM
354 F 25-29,2:26:12 AM
2 M 75-79,2:26:16 AM
355 F 25-29,2:26:16 AM
237 M 30-34,2:26:16 AM
213 F 20-24,2:26:16 AM
361 F 35-39,2:26:18 AM
214 F 20-24,2:26:19 AM
163 F 45-49,2:26:21 AM
362 F 35-39,2:26:26 AM
169 M 45-49,2:26:29 AM
40 M 60-64,2:26:30 AM
16 M 65-69,2:26:31 AM
236 F 40-44,2:26:31 AM
97 F 50-54,2:26:31 AM
363 F 35-39,2:26:32 AM
16 F 60-64,2:26:38 AM
164 F 45-49,2:26:41 AM
237 F 40-44,2:26:41 AM
251 M 35-39,2:26:43 AM
334 F 30-34,2:26:43 AM
170 M 45-49,2:26:45 AM
356 F 25-29,2:26:46 AM
335 F 30-34,2:26:46 AM
238 F 40-44,2:26:47 AM
336 F 30-34,2:26:48 AM
238 M 30-34,2:26:49 AM
357 F 25-29,2:26:50 AM
364 F 35-39,2:26:52 AM
165 F 45-49,2:26:54 AM
17 F 60-64,2:26:57 AM
215 F 20-24,2:26:58 AM
337 F 30-34,2:27:02 AM
18 F 60-64,2:27:03 AM
338 F 30-34,2:27:03 AM
166 F 45-49,2:27:03 AM
203 M 40-44,2:27:04 AM
204 M 40-44,2:27:04 AM
365 F 35-39,2:27:04 AM
339 F 30-34,2:27:08 AM
171 M 45-49,2:27:13 AM
340 F 30-34,2:27:13 AM
216 F 20-24,2:27:14 AM
366 F 35-39,2:27:15 AM
358 F 25-29,2:27:16 AM
239 F 40-44,2:27:17 AM
217 F 20-24,2:27:17 AM
341 F 30-34,2:27:18 AM
240 F 40-44,2:27:19 AM
367 F 35-39,2:27:20 AM
342 F 30-34,2:27:20 AM
359 F 25-29,2:27:21 AM
187 M 25-29,2:27:22 AM
360 F 25-29,2:27:22 AM
368 F 35-39,2:27:24 AM
343 F 30-34,2:27:24 AM
47 F 55-59,2:27:24 AM
19 F 60-64,2:27:24 AM
369 F 35-39,2:27:26 AM
48 F 55-59,2:27:29 AM
241 F 40-44,2:27:33 AM
218 F 20-24,2:27:36 AM
219 F 20-24,2:27:36 AM
242 F 40-44,2:27:36 AM
98 F 50-54,2:27:37 AM
99 F 50-54,2:27:37 AM
361 F 25-29,2:27:39 AM
124 M 50-54,2:27:41 AM
100 F 50-54,2:27:41 AM
101 F 50-54,2:27:42 AM
167 F 45-49,2:27:42 AM
344 F 30-34,2:27:43 AM
345 F 30-34,2:27:43 AM
45 F 15-19,2:27:44 AM
362 F 25-29,2:27:48 AM
243 F 40-44,2:27:52 AM
370 F 35-39,2:27:52 AM
252 M 35-39,2:27:53 AM
125 M 50-54,2:27:53 AM
346 F 30-34,2:27:54 AM
168 F 45-49,2:27:58 AM
188 M 25-29,2:27:59 AM
102 F 50-54,2:28:00 AM
41 M 60-64,2:28:04 AM
363 F 25-29,2:28:05 AM
244 F 40-44,2:28:06 AM
169 F 45-49,2:28:08 AM
49 F 55-59,2:28:09 AM
371 F 35-39,2:28:10 AM
364 F 25-29,2:28:10 AM
17 M 65-69,2:28:11 AM
103 F 50-54,2:28:13 AM
245 F 40-44,2:28:13 AM
246 F 40-44,2:28:16 AM
172 M 45-49,2:28:16 AM
104 F 50-54,2:28:16 AM
247 F 40-44,2:28:22 AM
347 F 30-34,2:28:27 AM
248 F 40-44,2:28:29 AM
365 F 25-29,2:28:33 AM
5 M 1-14,2:28:34 AM
348 F 30-34,2:28:36 AM
372 F 35-39,2:28:39 AM
349 F 30-34,2:28:39 AM
366 F 25-29,2:28:39 AM
249 F 40-44,2:28:39 AM
367 F 25-29,2:28:44 AM
189 M 25-29,2:28:45 AM
350 F 30-34,2:28:45 AM
105 F 50-54,2:28:47 AM
50 F 55-59,2:28:48 AM
170 F 45-49,2:28:49 AM
171 F 45-49,2:28:49 AM
172 F 45-49,2:28:53 AM
373 F 35-39,2:28:58 AM
368 F 25-29,2:29:01 AM
253 M 35-39,2:29:02 AM
374 F 35-39,2:29:02 AM
375 F 35-39,2:29:03 AM
173 M 45-49,2:29:03 AM
42 M 60-64,2:29:06 AM
51 F 55-59,2:29:07 AM
173 F 45-49,2:29:07 AM
174 F 45-49,2:29:07 AM
250 F 40-44,2:29:10 AM
369 F 25-29,2:29:10 AM
351 F 30-34,2:29:13 AM
220 F 20-24,2:29:15 AM
106 F 50-54,2:29:15 AM
175 F 45-49,2:29:18 AM
352 F 30-34,2:29:23 AM
376 F 35-39,2:29:24 AM
46 F 15-19,2:29:24 AM
370 F 25-29,2:29:26 AM
176 F 45-49,2:29:28 AM
107 F 50-54,2:29:29 AM
353 F 30-34,2:29:32 AM
354 F 30-34,2:29:36 AM
355 F 30-34,2:29:41 AM
108 F 50-54,2:29:42 AM
251 F 40-44,2:29:44 AM
177 F 45-49,2:29:46 AM
221 F 20-24,2:29:46 AM
178 F 45-49,2:29:51 AM
52 F 55-59,2:29:54 AM
94 M 20-24,2:29:54 AM
222 F 20-24,2:29:54 AM
371 F 25-29,2:29:56 AM
252 F 40-44,2:29:59 AM
205 M 40-44,2:30:00 AM
223 F 20-24,2:30:01 AM
224 F 20-24,2:30:05 AM
179 F 45-49,2:30:06 AM
180 F 45-49,2:30:08 AM
5 F 1-14,2:30:09 AM
377 F 35-39,2:30:09 AM
239 M 30-34,2:30:12 AM
174 M 45-49,2:30:12 AM
356 F 30-34,2:30:12 AM
181 F 45-49,2:30:13 AM
254 M 35-39,2:30:13 AM
357 F 30-34,2:30:16 AM
206 M 40-44,2:30:18 AM
358 F 30-34,2:30:20 AM
359 F 30-34,2:30:21 AM
43 M 60-64,2:30:21 AM
378 F 35-39,2:30:30 AM
126 M 50-54,2:30:32 AM
253 F 40-44,2:30:35 AM
379 F 35-39,2:30:35 AM
254 F 40-44,2:30:36 AM
207 M 40-44,2:30:37 AM
380 F 35-39,2:30:37 AM
372 F 25-29,2:30:38 AM
182 F 45-49,2:30:41 AM
381 F 35-39,2:30:42 AM
53 F 55-59,2:30:46 AM
373 F 25-29,2:30:47 AM
54 F 55-59,2:30:49 AM
374 F 25-29,2:30:51 AM
109 F 50-54,2:30:52 AM
183 F 45-49,2:30:55 AM
175 M 45-49,2:30:56 AM
255 F 40-44,2:31:00 AM
55 F 55-59,2:31:06 AM
184 F 45-49,2:31:06 AM
240 M 30-34,2:31:10 AM
360 F 30-34,2:31:10 AM
375 F 25-29,2:31:14 AM
376 F 25-29,2:31:14 AM
255 M 35-39,2:31:18 AM
256 F 40-44,2:31:20 AM
377 F 25-29,2:31:21 AM
44 M 60-64,2:31:22 AM
95 M 20-24,2:31:24 AM
378 F 25-29,2:31:25 AM
69 M 55-59,2:31:26 AM
45 M 60-64,2:31:31 AM
225 F 20-24,2:31:32 AM
257 F 40-44,2:31:32 AM
382 F 35-39,2:31:35 AM
208 M 40-44,2:31:35 AM
185 F 45-49,2:31:37 AM
186 F 45-49,2:31:37 AM
258 F 40-44,2:31:38 AM
259 F 40-44,2:31:38 AM
127 M 50-54,2:31:40 AM
260 F 40-44,2:31:42 AM
383 F 35-39,2:31:42 AM
379 F 25-29,2:31:48 AM
384 F 35-39,2:31:49 AM
361 F 30-34,2:31:49 AM
385 F 35-39,2:31:50 AM
187 F 45-49,2:31:50 AM
261 F 40-44,2:31:50 AM
262 F 40-44,2:31:50 AM
386 F 35-39,2:31:52 AM
362 F 30-34,2:31:52 AM
110 F 50-54,2:31:53 AM
176 M 45-49,2:31:55 AM
128 M 50-54,2:31:55 AM
47 F 15-19,2:31:58 AM
48 F 15-19,2:31:59 AM
49 F 15-19,2:31:59 AM
111 F 50-54,2:31:59 AM
190 M 25-29,2:32:02 AM
380 F 25-29,2:32:04 AM
387 F 35-39,2:32:07 AM
388 F 35-39,2:32:07 AM
188 F 45-49,2:32:09 AM
189 F 45-49,2:32:15 AM
389 F 35-39,2:32:15 AM
256 M 35-39,2:32:18 AM
263 F 40-44,2:32:19 AM
190 F 45-49,2:32:22 AM
264 F 40-44,2:32:22 AM
381 F 25-29,2:32:26 AM
382 F 25-29,2:32:27 AM
209 M 40-44,2:32:31 AM
390 F 35-39,2:32:37 AM
363 F 30-34,2:32:37 AM
112 F 50-54,2:32:39 AM
241 M 30-34,2:32:39 AM
257 M 35-39,2:32:39 AM
56 F 55-59,2:32:45 AM
364 F 30-34,2:32:45 AM
265 F 40-44,2:32:53 AM
226 F 20-24,2:32:54 AM
210 M 40-44,2:32:55 AM
266 F 40-44,2:32:59 AM
129 M 50-54,2:33:04 AM
383 F 25-29,2:33:05 AM
365 F 30-34,2:33:05 AM
366 F 30-34,2:33:06 AM
267 F 40-44,2:33:06 AM
391 F 35-39,2:33:08 AM
268 F 40-44,2:33:08 AM
258 M 35-39,2:33:08 AM
177 M 45-49,2:33:09 AM
384 F 25-29,2:33:11 AM
392 F 35-39,2:33:12 AM
367 F 30-34,2:33:15 AM
113 F 50-54,2:33:15 AM
114 F 50-54,2:33:15 AM
393 F 35-39,2:33:15 AM
269 F 40-44,2:33:16 AM
368 F 30-34,2:33:17 AM
270 F 40-44,2:33:20 AM
394 F 35-39,2:33:24 AM
385 F 25-29,2:33:28 AM
115 F 50-54,2:33:32 AM
116 F 50-54,2:33:34 AM
50 F 15-19,2:33:35 AM
191 F 45-49,2:33:40 AM
271 F 40-44,2:33:40 AM
369 F 30-34,2:33:43 AM
272 F 40-44,2:33:44 AM
192 F 45-49,2:33:44 AM
395 F 35-39,2:33:47 AM
57 F 55-59,2:33:49 AM
386 F 25-29,2:33:50 AM
242 M 30-34,2:33:51 AM
211 M 40-44,2:33:51 AM
20 F 60-64,2:33:54 AM
178 M 45-49,2:33:54 AM
212 M 40-44,2:33:56 AM
396 F 35-39,2:34:00 AM
117 F 50-54,2:34:02 AM
227 F 20-24,2:34:04 AM
397 F 35-39,2:34:08 AM
118 F 50-54,2:34:09 AM
193 F 45-49,2:34:09 AM
58 F 55-59,2:34:10 AM
273 F 40-44,2:34:12 AM
398 F 35-39,2:34:17 AM
370 F 30-34,2:34:21 AM
387 F 25-29,2:34:21 AM
119 F 50-54,2:34:21 AM
371 F 30-34,2:34:23 AM
372 F 30-34,2:34:24 AM
274 F 40-44,2:34:25 AM
388 F 25-29,2:34:27 AM
389 F 25-29,2:34:31 AM
228 F 20-24,2:34:33 AM
194 F 45-49,2:34:37 AM
229 F 20-24,2:34:39 AM
373 F 30-34,2:34:43 AM
70 M 55-59,2:34:45 AM
179 M 45-49,2:34:45 AM
120 F 50-54,2:34:46 AM
21 F 60-64,2:34:47 AM
390 F 25-29,2:34:49 AM
374 F 30-34,2:34:49 AM
391 F 25-29,2:34:49 AM
243 M 30-34,2:34:49 AM
59 F 55-59,2:34:55 AM
275 F 40-44,2:34:59 AM
392 F 25-29,2:35:01 AM
399 F 35-39,2:35:06 AM
393 F 25-29,2:35:09 AM
195 F 45-49,2:35:14 AM
60 F 55-59,2:35:14 AM
375 F 30-34,2:35:21 AM
400 F 35-39,2:35:21 AM
376 F 30-34,2:35:22 AM
,2:35:22 AM
377 F 30-34,2:35:24 AM
401 F 35-39,2:35:25 AM
378 F 30-34,2:35:29 AM
402 F 35-39,2:35:29 AM
180 M 45-49,2:35:29 AM
,2:35:29 AM
379 F 30-34,2:35:30 AM
2 F 65-69,2:35:30 AM
403 F 35-39,2:35:35 AM
404 F 35-39,2:35:36 AM
121 F 50-54,2:35:39 AM
394 F 25-29,2:35:40 AM
276 F 40-44,2:35:40 AM
395 F 25-29,2:35:41 AM
244 M 30-34,2:35:44 AM
96 M 20-24,2:35:50 AM
396 F 25-29,2:35:50 AM
191 M 25-29,2:35:51 AM
22 F 60-64,2:35:51 AM
397 F 25-29,2:35:51 AM
405 F 35-39,2:35:57 AM
406 F 35-39,2:35:58 AM
122 F 50-54,2:35:59 AM
230 F 20-24,2:36:08 AM
196 F 45-49,2:36:09 AM
398 F 25-29,2:36:11 AM
277 F 40-44,2:36:13 AM
278 F 40-44,2:36:14 AM
197 F 45-49,2:36:14 AM
399 F 25-29,2:36:17 AM
400 F 25-29,2:36:18 AM
407 F 35-39,2:36:19 AM
408 F 35-39,2:36:20 AM
380 F 30-34,2:36:20 AM
409 F 35-39,2:36:22 AM
410 F 35-39,2:36:24 AM
61 F 55-59,2:36:28 AM
231 F 20-24,2:36:28 AM
198 F 45-49,2:36:30 AM
62 F 55-59,2:36:35 AM
63 F 55-59,2:36:37 AM
411 F 35-39,2:36:37 AM
381 F 30-34,2:36:38 AM
279 F 40-44,2:36:41 AM
412 F 35-39,2:36:44 AM
382 F 30-34,2:36:45 AM
64 F 55-59,2:36:45 AM
130 M 50-54,2:36:46 AM
383 F 30-34,2:36:46 AM
384 F 30-34,2:36:48 AM
123 F 50-54,2:36:51 AM
51 F 15-19,2:36:53 AM
131 M 50-54,2:36:53 AM
199 F 45-49,2:36:53 AM
280 F 40-44,2:36:59 AM
200 F 45-49,2:36:59 AM
259 M 35-39,2:37:02 AM
213 M 40-44,2:37:02 AM
413 F 35-39,2:37:09 AM
281 F 40-44,2:37:10 AM
414 F 35-39,2:37:12 AM
385 F 30-34,2:37:13 AM
192 M 25-29,2:37:14 AM
232 F 20-24,2:37:14 AM
415 F 35-39,2:37:18 AM
416 F 35-39,2:37:18 AM
417 F 35-39,2:37:20 AM
245 M 30-34,2:37:20 AM
386 F 30-34,2:37:22 AM
401 F 25-29,2:37:27 AM
402 F 25-29,2:37:34 AM
201 F 45-49,2:37:35 AM
418 F 35-39,2:37:36 AM
214 M 40-44,2:37:38 AM
387 F 30-34,2:37:39 AM
282 F 40-44,2:37:44 AM
233 F 20-24,2:37:45 AM
193 M 25-29,2:37:45 AM
403 F 25-29,2:37:45 AM
202 F 45-49,2:37:46 AM
388 F 30-34,2:37:48 AM
203 F 45-49,2:37:49 AM
283 F 40-44,2:37:53 AM
404 F 25-29,2:37:54 AM
389 F 30-34,2:37:54 AM
23 F 60-64,2:38:01 AM
204 F 45-49,2:38:03 AM
181 M 45-49,2:38:05 AM
260 M 35-39,2:38:07 AM
419 F 35-39,2:38:07 AM
284 F 40-44,2:38:08 AM
97 M 20-24,2:38:11 AM
261 M 35-39,2:38:14 AM
234 F 20-24,2:38:17 AM
390 F 30-34,2:38:20 AM
391 F 30-34,2:38:20 AM
392 F 30-34,2:38:28 AM
393 F 30-34,2:38:28 AM
420 F 35-39,2:38:30 AM
394 F 30-34,2:38:32 AM
24 F 60-64,2:38:33 AM
65 F 55-59,2:38:34 AM
66 F 55-59,2:38:40 AM
205 F 45-49,2:38:43 AM
285 F 40-44,2:38:48 AM
25 F 60-64,2:38:50 AM
421 F 35-39,2:38:53 AM
206 F 45-49,2:38:53 AM
207 F 45-49,2:38:57 AM
405 F 25-29,2:38:58 AM
52 F 15-19,2:38:58 AM
6 F 1-14,2:38:59 AM
422 F 35-39,2:39:04 AM
423 F 35-39,2:39:04 AM
262 M 35-39,2:39:08 AM
395 F 30-34,2:39:08 AM
424 F 35-39,2:39:14 AM
124 F 50-54,2:39:16 AM
425 F 35-39,2:39:18 AM
46 M 60-64,2:39:20 AM
194 M 25-29,2:39:22 AM
406 F 25-29,2:39:23 AM
407 F 25-29,2:39:23 AM
396 F 30-34,2:39:24 AM
67 F 55-59,2:39:25 AM
426 F 35-39,2:39:25 AM
397 F 30-34,2:39:33 AM
208 F 45-49,2:39:35 AM
98 M 20-24,2:39:37 AM
235 F 20-24,2:39:37 AM
427 F 35-39,2:39:40 AM
398 F 30-34,2:39:40 AM
408 F 25-29,2:39:42 AM
428 F 35-39,2:39:53 AM
286 F 40-44,2:39:58 AM
209 F 45-49,2:40:03 AM
429 F 35-39,2:40:07 AM
287 F 40-44,2:40:09 AM
288 F 40-44,2:40:16 AM
430 F 35-39,2:40:17 AM
431 F 35-39,2:40:17 AM
210 F 45-49,2:40:17 AM
211 F 45-49,2:40:19 AM
399 F 30-34,2:40:19 AM
125 F 50-54,2:40:33 AM
,2:40:41 AM
215 M 40-44,2:40:41 AM
409 F 25-29,2:40:42 AM
212 F 45-49,2:40:52 AM
432 F 35-39,2:40:58 AM
182 M 45-49,2:41:00 AM
400 F 30-34,2:41:04 AM
401 F 30-34,2:41:18 AM
195 M 25-29,2:41:18 AM
410 F 25-29,2:41:18 AM
402 F 30-34,2:41:21 AM
213 F 45-49,2:41:24 AM
214 F 45-49,2:41:24 AM
236 F 20-24,2:41:24 AM
237 F 20-24,2:41:27 AM
411 F 25-29,2:41:31 AM
126 F 50-54,2:41:34 AM
403 F 30-34,2:41:37 AM
246 M 30-34,2:41:37 AM
289 F 40-44,2:41:38 AM
412 F 25-29,2:41:42 AM
413 F 25-29,2:41:45 AM
290 F 40-44,2:41:46 AM
263 M 35-39,2:41:46 AM
404 F 30-34,2:41:47 AM
68 F 55-59,2:41:47 AM
433 F 35-39,2:41:55 AM
26 F 60-64,2:41:57 AM
405 F 30-34,2:41:58 AM
183 M 45-49,2:42:06 AM
434 F 35-39,2:42:08 AM
264 M 35-39,2:42:08 AM
53 F 15-19,2:42:09 AM
435 F 35-39,2:42:12 AM
2 F 70-74,2:42:12 AM
47 M 60-64,2:42:13 AM
406 F 30-34,2:42:14 AM
238 F 20-24,2:42:15 AM
247 M 30-34,2:42:15 AM
69 F 55-59,2:42:16 AM
239 F 20-24,2:42:16 AM
407 F 30-34,2:42:16 AM
408 F 30-34,2:42:17 AM
436 F 35-39,2:42:18 AM
127 F 50-54,2:42:18 AM
409 F 30-34,2:42:21 AM
291 F 40-44,2:42:21 AM
437 F 35-39,2:42:22 AM
215 F 45-49,2:42:26 AM
438 F 35-39,2:42:26 AM
216 F 45-49,2:42:26 AM
27 F 60-64,2:42:27 AM
414 F 25-29,2:42:27 AM
196 M 25-29,2:42:27 AM
240 F 20-24,2:42:28 AM
128 F 50-54,2:42:28 AM
216 M 40-44,2:42:31 AM
129 F 50-54,2:42:32 AM
415 F 25-29,2:42:33 AM
241 F 20-24,2:42:34 AM
70 F 55-59,2:42:34 AM
439 F 35-39,2:42:39 AM
3 F 65-69,2:42:40 AM
184 M 45-49,2:42:44 AM
28 F 60-64,2:42:44 AM
130 F 50-54,2:42:47 AM
217 F 45-49,2:42:48 AM
410 F 30-34,2:42:55 AM
416 F 25-29,2:42:56 AM
197 M 25-29,2:42:58 AM
131 F 50-54,2:42:59 AM
248 M 30-34,2:43:04 AM
249 M 30-34,2:43:09 AM
292 F 40-44,2:43:12 AM
417 F 25-29,2:43:16 AM
418 F 25-29,2:43:24 AM
419 F 25-29,2:43:24 AM
132 F 50-54,2:43:27 AM
198 M 25-29,2:43:30 AM
440 F 35-39,2:43:31 AM
420 F 25-29,2:43:33 AM
185 M 45-49,2:43:33 AM
421 F 25-29,2:43:34 AM
441 F 35-39,2:43:37 AM
422 F 25-29,2:43:37 AM
250 M 30-34,2:43:48 AM
29 F 60-64,2:43:52 AM
71 F 55-59,2:43:52 AM
423 F 25-29,2:43:56 AM
424 F 25-29,2:43:56 AM
18 M 65-69,2:44:02 AM
293 F 40-44,2:44:05 AM
442 F 35-39,2:44:07 AM
217 M 40-44,2:44:08 AM
251 M 30-34,2:44:11 AM
411 F 30-34,2:44:11 AM
412 F 30-34,2:44:20 AM
218 F 45-49,2:44:21 AM
133 F 50-54,2:44:28 AM
134 F 50-54,2:44:31 AM
443 F 35-39,2:44:32 AM
186 M 45-49,2:44:54 AM
413 F 30-34,2:45:00 AM
425 F 25-29,2:45:02 AM
72 F 55-59,2:45:02 AM
265 M 35-39,2:45:14 AM
444 F 35-39,2:45:14 AM
445 F 35-39,2:45:15 AM
135 F 50-54,2:45:21 AM
218 M 40-44,2:45:23 AM
446 F 35-39,2:45:27 AM
294 F 40-44,2:45:29 AM
71 M 55-59,2:45:33 AM
242 F 20-24,2:45:36 AM
243 F 20-24,2:45:36 AM
447 F 35-39,2:45:37 AM
73 F 55-59,2:45:39 AM
244 F 20-24,2:45:40 AM
295 F 40-44,2:45:43 AM
74 F 55-59,2:45:58 AM
414 F 30-34,2:46:04 AM
426 F 25-29,2:46:15 AM
187 M 45-49,2:46:20 AM
219 F 45-49,2:46:22 AM
4 F 65-69,2:46:24 AM
188 M 45-49,2:46:25 AM
220 F 45-49,2:46:29 AM
221 F 45-49,2:46:29 AM
30 F 60-64,2:46:33 AM
75 F 55-59,2:46:38 AM
245 F 20-24,2:46:45 AM
222 F 45-49,2:46:45 AM
296 F 40-44,2:46:54 AM
19 M 65-69,2:46:59 AM
76 F 55-59,2:47:00 AM
266 M 35-39,2:47:07 AM
297 F 40-44,2:47:10 AM
427 F 25-29,2:47:16 AM
298 F 40-44,2:47:17 AM
448 F 35-39,2:47:17 AM
1 F 80-99,2:47:24 AM
449 F 35-39,2:47:25 AM
299 F 40-44,2:47:30 AM
54 F 15-19,2:47:36 AM
300 F 40-44,2:47:39 AM
223 F 45-49,2:48:02 AM
246 F 20-24,2:48:08 AM
247 F 20-24,2:48:27 AM
224 F 45-49,2:48:28 AM
428 F 25-29,2:48:28 AM
450 F 35-39,2:48:32 AM
429 F 25-29,2:48:35 AM
189 M 45-49,2:48:38 AM
199 M 25-29,2:48:42 AM
430 F 25-29,2:48:43 AM
451 F 35-39,2:48:43 AM
452 F 35-39,2:48:44 AM
415 F 30-34,2:48:48 AM
416 F 30-34,2:48:58 AM
301 F 40-44,2:49:04 AM
225 F 45-49,2:49:10 AM
453 F 35-39,2:49:15 AM
431 F 25-29,2:49:15 AM
302 F 40-44,2:49:17 AM
190 M 45-49,2:49:17 AM
20 M 65-69,2:49:22 AM
200 M 25-29,2:49:22 AM
432 F 25-29,2:49:22 AM
226 F 45-49,2:49:32 AM
303 F 40-44,2:49:33 AM
454 F 35-39,2:49:45 AM
417 F 30-34,2:49:50 AM
267 M 35-39,2:49:50 AM
227 F 45-49,2:49:53 AM
304 F 40-44,2:49:58 AM
228 F 45-49,2:49:59 AM
252 M 30-34,2:50:00 AM
455 F 35-39,2:50:11 AM
418 F 30-34,2:50:27 AM
456 F 35-39,2:50:27 AM
457 F 35-39,2:50:31 AM
458 F 35-39,2:50:33 AM
132 M 50-54,2:50:33 AM
433 F 25-29,2:50:34 AM
305 F 40-44,2:50:35 AM
419 F 30-34,2:50:36 AM
248 F 20-24,2:50:37 AM
268 M 35-39,2:50:37 AM
306 F 40-44,2:50:43 AM
269 M 35-39,2:50:50 AM
136 F 50-54,2:50:52 AM
137 F 50-54,2:50:58 AM
434 F 25-29,2:51:00 AM
307 F 40-44,2:51:00 AM
229 F 45-49,2:51:03 AM
138 F 50-54,2:51:11 AM
77 F 55-59,2:51:12 AM
31 F 60-64,2:51:14 AM
3 F 70-74,2:51:15 AM
459 F 35-39,2:51:16 AM
139 F 50-54,2:51:16 AM
435 F 25-29,2:51:17 AM
5 F 65-69,2:51:19 AM
253 M 30-34,2:51:19 AM
420 F 30-34,2:51:20 AM
230 F 45-49,2:51:23 AM
436 F 25-29,2:51:24 AM
437 F 25-29,2:51:25 AM
254 M 30-34,2:51:30 AM
255 M 30-34,2:51:34 AM
421 F 30-34,2:51:34 AM
78 F 55-59,2:51:37 AM
460 F 35-39,2:51:47 AM
461 F 35-39,2:51:47 AM
462 F 35-39,2:51:48 AM
463 F 35-39,2:51:48 AM
422 F 30-34,2:51:48 AM
464 F 35-39,2:51:53 AM
231 F 45-49,2:51:56 AM
308 F 40-44,2:51:59 AM
140 F 50-54,2:52:02 AM
79 F 55-59,2:52:02 AM
465 F 35-39,2:52:03 AM
270 M 35-39,2:52:05 AM
219 M 40-44,2:52:08 AM
466 F 35-39,2:52:11 AM
80 F 55-59,2:52:13 AM
467 F 35-39,2:52:24 AM
468 F 35-39,2:52:26 AM
232 F 45-49,2:52:27 AM
438 F 25-29,2:52:27 AM
423 F 30-34,2:52:27 AM
32 F 60-64,2:52:31 AM
233 F 45-49,2:52:32 AM
271 M 35-39,2:52:37 AM
439 F 25-29,2:52:50 AM
220 M 40-44,2:52:58 AM
309 F 40-44,2:53:03 AM
33 F 60-64,2:53:05 AM
141 F 50-54,2:53:08 AM
142 F 50-54,2:53:08 AM
201 M 25-29,2:53:10 AM
424 F 30-34,2:53:10 AM
425 F 30-34,2:53:34 AM
256 M 30-34,2:53:46 AM
143 F 50-54,2:53:46 AM
234 F 45-49,2:53:52 AM
469 F 35-39,2:53:54 AM
144 F 50-54,2:54:03 AM
3 M 75-79,2:54:05 AM
145 F 50-54,2:54:06 AM
310 F 40-44,2:54:12 AM
6 F 65-69,2:54:15 AM
470 F 35-39,2:54:15 AM
426 F 30-34,2:54:16 AM
311 F 40-44,2:54:18 AM
427 F 30-34,2:54:26 AM
440 F 25-29,2:54:29 AM
,2:54:29 AM
428 F 30-34,2:54:30 AM
471 F 35-39,2:54:31 AM
202 M 25-29,2:54:44 AM
203 M 25-29,2:54:44 AM
472 F 35-39,2:54:45 AM
235 F 45-49,2:54:59 AM
429 F 30-34,2:55:01 AM
146 F 50-54,2:55:02 AM
430 F 30-34,2:55:03 AM
236 F 45-49,2:55:03 AM
257 M 30-34,2:55:09 AM
441 F 25-29,2:55:16 AM
147 F 50-54,2:55:22 AM
431 F 30-34,2:55:28 AM
81 F 55-59,2:55:31 AM
258 M 30-34,2:55:39 AM
442 F 25-29,2:55:39 AM
72 M 55-59,2:55:40 AM
312 F 40-44,2:55:41 AM
221 M 40-44,2:55:48 AM
473 F 35-39,2:55:57 AM
249 F 20-24,2:56:00 AM
432 F 30-34,2:56:13 AM
237 F 45-49,2:56:20 AM
474 F 35-39,2:56:21 AM
475 F 35-39,2:56:21 AM
82 F 55-59,2:56:24 AM
21 M 65-69,2:56:25 AM
433 F 30-34,2:56:27 AM
238 F 45-49,2:56:51 AM
239 F 45-49,2:56:58 AM
443 F 25-29,2:57:05 AM
222 M 40-44,2:57:09 AM
223 M 40-44,2:57:13 AM
272 M 35-39,2:57:13 AM
34 F 60-64,2:57:24 AM
99 M 20-24,2:57:28 AM
250 F 20-24,2:57:28 AM
444 F 25-29,2:57:32 AM
48 M 60-64,2:57:38 AM
73 M 55-59,2:57:39 AM
313 F 40-44,2:57:44 AM
476 F 35-39,2:57:49 AM
148 F 50-54,2:57:59 AM
240 F 45-49,2:58:00 AM
477 F 35-39,2:58:00 AM
445 F 25-29,2:58:04 AM
314 F 40-44,2:58:07 AM
74 M 55-59,2:58:09 AM
241 F 45-49,2:58:10 AM
242 F 45-49,2:58:19 AM
315 F 40-44,2:58:24 AM
243 F 45-49,2:58:26 AM
35 F 60-64,2:58:27 AM
478 F 35-39,2:58:30 AM
149 F 50-54,2:58:43 AM
316 F 40-44,2:58:45 AM
150 F 50-54,2:58:45 AM
83 F 55-59,2:58:46 AM
259 M 30-34,2:58:48 AM
36 F 60-64,2:58:50 AM
204 M 25-29,2:58:53 AM
244 F 45-49,2:58:57 AM
434 F 30-34,2:59:14 AM
317 F 40-44,2:59:16 AM
191 M 45-49,2:59:18 AM
37 F 60-64,2:59:21 AM
318 F 40-44,2:59:29 AM
7 F 65-69,2:59:31 AM
133 M 50-54,2:59:36 AM
75 M 55-59,2:59:38 AM
319 F 40-44,2:59:39 AM
320 F 40-44,2:59:52 AM
479 F 35-39,2:59:53 AM
245 F 45-49,3:00:05 AM
246 F 45-49,3:00:05 AM
446 F 25-29,3:00:07 AM
151 F 50-54,3:00:08 AM
152 F 50-54,3:00:12 AM
153 F 50-54,3:00:13 AM
447 F 25-29,3:00:13 AM
435 F 30-34,3:00:20 AM
260 M 30-34,3:00:24 AM
436 F 30-34,3:00:29 AM
205 M 25-29,3:00:32 AM
134 M 50-54,3:00:33 AM
154 F 50-54,3:00:33 AM
480 F 35-39,3:00:49 AM
247 F 45-49,3:00:53 AM
155 F 50-54,3:00:58 AM
76 M 55-59,3:00:59 AM
437 F 30-34,3:01:17 AM
481 F 35-39,3:01:18 AM
448 F 25-29,3:01:22 AM
321 F 40-44,3:01:50 AM
482 F 35-39,3:01:57 AM
38 F 60-64,3:02:01 AM
483 F 35-39,3:02:05 AM
322 F 40-44,3:02:20 AM
156 F 50-54,3:02:26 AM
157 F 50-54,3:02:54 AM
484 F 35-39,3:02:55 AM
224 M 40-44,3:03:10 AM
438 F 30-34,3:03:13 AM
135 M 50-54,3:04:53 AM
485 F 35-39,3:05:05 AM
39 F 60-64,3:05:08 AM
439 F 30-34,3:05:18 AM
486 F 35-39,3:05:21 AM
487 F 35-39,3:05:32 AM
248 F 45-49,3:05:34 AM
4 F 70-74,3:05:42 AM
249 F 45-49,3:05:51 AM
449 F 25-29,3:06:00 AM
250 F 45-49,3:06:15 AM
323 F 40-44,3:06:24 AM
488 F 35-39,3:06:39 AM
158 F 50-54,3:06:41 AM
192 M 45-49,3:07:11 AM
251 F 45-49,3:07:12 AM
324 F 40-44,3:07:49 AM
325 F 40-44,3:08:06 AM
440 F 30-34,3:08:06 AM
261 M 30-34,3:08:19 AM
489 F 35-39,3:08:20 AM
441 F 30-34,3:08:45 AM
326 F 40-44,3:09:09 AM
84 F 55-59,3:09:22 AM
490 F 35-39,3:09:22 AM
193 M 45-49,3:09:41 AM
55 F 15-19,3:09:41 AM
252 F 45-49,3:09:42 AM
327 F 40-44,3:09:52 AM
450 F 25-29,3:10:17 AM
491 F 35-39,3:10:17 AM
253 F 45-49,3:10:17 AM
328 F 40-44,3:10:18 AM
159 F 50-54,3:10:19 AM
329 F 40-44,3:10:32 AM
442 F 30-34,3:11:00 AM
443 F 30-34,3:11:15 AM
330 F 40-44,3:11:28 AM
254 F 45-49,3:11:33 AM
331 F 40-44,3:12:01 AM
492 F 35-39,3:12:01 AM
255 F 45-49,3:12:02 AM
332 F 40-44,3:12:08 AM
451 F 25-29,3:12:14 AM
225 M 40-44,3:12:47 AM
333 F 40-44,3:13:11 AM
160 F 50-54,3:13:12 AM
77 M 55-59,3:13:26 AM
136 M 50-54,3:13:38 AM
334 F 40-44,3:13:53 AM
335 F 40-44,3:13:54 AM
444 F 30-34,3:13:54 AM
273 M 35-39,3:14:40 AM
445 F 30-34,3:15:41 AM
78 M 55-59,3:16:41 AM
262 M 30-34,3:16:44 AM
446 F 30-34,3:17:07 AM
161 F 50-54,3:17:15 AM
85 F 55-59,3:18:12 AM
162 F 50-54,3:18:17 AM
447 F 30-34,3:18:27 AM
336 F 40-44,3:18:52 AM
337 F 40-44,3:19:01 AM
448 F 30-34,3:20:49 AM
256 F 45-49,3:20:52 AM
5 F 70-74,3:21:08 AM
338 F 40-44,3:21:12 AM
1 F 75-79,3:21:34 AM
163 F 50-54,3:21:34 AM
137 M 50-54,3:21:43 AM
164 F 50-54,3:21:46 AM
263 M 30-34,3:21:47 AM
165 F 50-54,3:21:49 AM
8 F 65-69,3:21:58 AM
86 F 55-59,3:21:59 AM
79 M 55-59,3:22:33 AM
257 F 45-49,3:22:43 AM
166 F 50-54,3:22:43 AM
251 F 20-24,3:23:26 AM
167 F 50-54,3:23:33 AM
449 F 30-34,3:23:34 AM
206 M 25-29,3:23:34 AM
450 F 30-34,3:24:56 AM
493 F 35-39,3:26:03 AM
452 F 25-29,3:26:34 AM
494 F 35-39,3:27:00 AM
451 F 30-34,3:27:49 AM
495 F 35-39,3:28:15 AM
168 F 50-54,3:28:21 AM
258 F 45-49,3:30:28 AM
496 F 35-39,3:31:01 AM
339 F 40-44,3:32:13 AM
497 F 35-39,3:32:41 AM
259 F 45-49,3:32:44 AM
498 F 35-39,3:32:44 AM
260 F 45-49,3:32:44 AM
40 F 60-64,3:32:48 AM
41 F 60-64,3:37:17 AM
169 F 50-54,3:37:19 AM
9 F 65-69,3:37:22 AM
87 F 55-59,3:37:23 AM
261 F 45-49,3:38:41 AM
340 F 40-44,3:47:39 AM
341 F 40-44,3:47:39 AM
170 F 50-54,4:02:00 AM
